Entry	Gene names  (primary )	Protein names	EC number	Cross-reference (CAZy)
A0A024RBG1	NUDT4B	Diphosphoinositol polyphosphate phosphohydrolase NUDT4B (DIPP-2B) (EC 3.6.1.52) (Nucleoside diphosphate-linked moiety X motif 4B) (Nudix motif 4B) (Nudix hydrolase 4B)	3.6.1.52	
A0A075B6H7	IGKV3-7	Probable non-functional immunoglobulin kappa variable 3-7		
A0A075B6H8	IGKV1D-42	Probable non-functional immunoglobulin kappa variable 1D-42		
A0A075B6H9	IGLV4-69	Immunoglobulin lambda variable 4-69		
A0A075B6I0	IGLV8-61	Immunoglobulin lambda variable 8-61		
A0A075B6I1	IGLV4-60	Immunoglobulin lambda variable 4-60		
A0A075B6I3	IGLV11-55	Probable non-functional immunoglobulin lambda variable 11-55		
A0A075B6I4	IGLV10-54	Immunoglobulin lambda variable 10-54		
A0A075B6I6	IGLV1-50	Probable non-functional immunoglobulin lambda variable 1-50		
A0A075B6I7	IGLV5-48	Probable non-functional immunoglobulin lambda variable 5-48		
A0A075B6I9	IGLV7-46	Immunoglobulin lambda variable 7-46		
A0A075B6J1	IGLV5-37	Immunoglobulin lambda variable 5-37		
A0A075B6J2	IGLV2-33	Probable non-functional immunoglobulin lambda variable 2-33		
A0A075B6J6	IGLV3-22	Immunoglobulin lambda variable 3-22		
A0A075B6J9	IGLV2-18	Immunoglobulin lambda variable 2-18		
A0A075B6K0	IGLV3-16	Immunoglobulin lambda variable 3-16		
A0A075B6K2	IGLV3-12	Immunoglobulin lambda variable 3-12		
A0A075B6K4	IGLV3-10	Immunoglobulin lambda variable 3-10		
A0A075B6K5	IGLV3-9	Immunoglobulin lambda variable 3-9		
A0A075B6K6	IGLV4-3	Immunoglobulin lambda variable 4-3		
A0PJZ3	GXYLT2	Glucoside xylosyltransferase 2 (EC 2.4.2.42) (Glycosyltransferase 8 domain-containing protein 4)	2.4.2.42	GT8;
A6NG13	MGAT4D	Alpha-1,3-mannosyl-glycoprotein 4-beta-N-acetylglucosaminyltransferase-like protein MGAT4D (N-acetylglucosaminyltransferase MGAT1 inhibitory protein) (GlcNAcT-I inhibitory protein) (GnT1IP)		
A8MXE2		Putative UDP-GlcNAc:betaGal beta-1,3-N-acetylglucosaminyltransferase LOC100288842 (EC 2.4.1.-) (Putative UDP-GlcNAc:betaGal beta-1,3-N-acetylglucosaminyltransferase LOC402377) (UDP-GlcNAc:betaGal beta-1,3-N-acetylglucosaminyltransferase 5 pseudogene)	2.4.1.-	
C9J202	ALG1L2	Putative glycosyltransferase ALG1L2 (EC 2.4.1.-)	2.4.1.-	
O00219	HAS3	Hyaluronan synthase 3 (EC 2.4.1.212) (Hyaluronate synthase 3) (Hyaluronic acid synthase 3) (HA synthase 3)	2.4.1.212	GT2;
O00587	MFNG	Beta-1,3-N-acetylglucosaminyltransferase manic fringe (EC 2.4.1.222) (O-fucosylpeptide 3-beta-N-acetylglucosaminyltransferase)	2.4.1.222	GT31;
O15294	OGT	UDP-N-acetylglucosamine--peptide N-acetylglucosaminyltransferase 110 kDa subunit (EC 2.4.1.255) (O-GlcNAc transferase subunit p110) (O-linked N-acetylglucosamine transferase 110 kDa subunit) (OGT)	2.4.1.255	GT41;
O15466	ST8SIA5	Alpha-2,8-sialyltransferase 8E (EC 2.4.99.-) (Sialyltransferase 8E) (SIAT8-E) (Sialyltransferase St8Sia V) (ST8SiaV)	2.4.99.-	GT29;
O15488	GYG2	Glycogenin-2 (GN-2) (GN2) (EC 2.4.1.186)	2.4.1.186	GT8;
O43173	ST8SIA3	Sia-alpha-2,3-Gal-beta-1,4-GlcNAc-R:alpha 2,8-sialyltransferase (EC 2.4.99.-) (Alpha-2,8-sialyltransferase 8C) (Alpha-2,8-sialyltransferase III) (ST8 alpha-N-acetyl-neuraminide alpha-2,8-sialyltransferase 3) (Sialyltransferase 8C) (SIAT8-C) (Sialyltransferase St8Sia III) (ST8SiaIII)	2.4.99.-	GT29;
O43286	B4GALT5	Beta-1,4-galactosyltransferase 5 (Beta-1,4-GalTase 5) (Beta4Gal-T5) (b4Gal-T5) (EC 2.4.1.-) (Beta-1,4-GalT II) (Glucosylceramide beta-1,4-galactosyltransferase) (EC 2.4.1.274) (Lactosylceramide synthase) (LacCer synthase) (UDP-Gal:beta-GlcNAc beta-1,4-galactosyltransferase 5) (UDP-galactose:beta-N-acetylglucosamine beta-1,4-galactosyltransferase 5)	2.4.1.-; 2.4.1.274	GT7;
O43505	B4GAT1	Beta-1,4-glucuronyltransferase 1 (EC 2.4.1.-) (I-beta-1,3-N-acetylglucosaminyltransferase) (iGnT) (N-acetyllactosaminide beta-1,3-N-acetylglucosaminyltransferase) (Poly-N-acetyllactosamine extension enzyme) (UDP-GlcNAc:betaGal beta-1,3-N-acetylglucosaminyltransferase 1)	2.4.1.-	GT49;
O43825	B3GALT2	Beta-1,3-galactosyltransferase 2 (Beta-1,3-GalTase 2) (Beta3Gal-T2) (Beta3GalT2) (EC 2.4.1.86) (UDP-galactose:2-acetamido-2-deoxy-D-glucose 3beta-galactosyltransferase 2)	2.4.1.86	GT31;
O43909	EXTL3	Exostosin-like 3 (EC 2.4.1.223) (EXT-related protein 1) (Glucuronyl-galactosyl-proteoglycan 4-alpha-N-acetylglucosaminyltransferase) (Hereditary multiple exostoses gene isolog) (Multiple exostosis-like protein 3) (Putative tumor suppressor protein EXTL3)	2.4.1.223	GT47;GT64;
O60512	B4GALT3	Beta-1,4-galactosyltransferase 3 (Beta-1,4-GalTase 3) (Beta4Gal-T3) (b4Gal-T3) (EC 2.4.1.-) (Beta-N-acetylglucosaminyl-glycolipid beta-1,4-galactosyltransferase) (Beta-N-acetylglucosaminylglycopeptide beta-1,4-galactosyltransferase) (EC 2.4.1.38) (N-acetyllactosamine synthase) (EC 2.4.1.90) (Nal synthase) (Neolactotriaosylceramide beta-1,4-galactosyltransferase) (EC 2.4.1.275) (UDP-Gal:beta-GlcNAc beta-1,4-galactosyltransferase 3) (UDP-galactose:beta-N-acetylglucosamine beta-1,4-galactosyltransferase 3)	2.4.1.-; 2.4.1.38; 2.4.1.90; 2.4.1.275	GT7;
O60513	B4GALT4	Beta-1,4-galactosyltransferase 4 (Beta-1,4-GalTase 4) (Beta4Gal-T4) (b4Gal-T4) (EC 2.4.1.-) (Beta-N-acetylglucosaminyl-glycolipid beta-1,4-galactosyltransferase) (Lactotriaosylceramide beta-1,4-galactosyltransferase) (EC 2.4.1.275) (N-acetyllactosamine synthase) (EC 2.4.1.90) (Nal synthase) (UDP-Gal:beta-GlcNAc beta-1,4-galactosyltransferase 4) (UDP-galactose:beta-N-acetylglucosamine beta-1,4-galactosyltransferase 4)	2.4.1.-; 2.4.1.275; 2.4.1.90	GT7;
O60568	PLOD3	Multifunctional procollagen lysine hydroxylase and glycosyltransferase LH3 [Includes: Procollagen-lysine,2-oxoglutarate 5-dioxygenase 3 (EC 1.14.11.4) (Lysyl hydroxylase 3) (LH3); Procollagen glycosyltransferase (EC 2.4.1.50) (EC 2.4.1.66) (Galactosylhydroxylysine-glucosyltransferase) (Procollagen galactosyltransferase) (Procollagen glucosyltransferase)]	1.14.11.4; 2.4.1.50; 2.4.1.66	
O60656	UGT1A9	UDP-glucuronosyltransferase 1A9 (UGT1A9) (EC 2.4.1.17) (UDP-glucuronosyltransferase 1-9) (UDPGT 1-9) (UGT1*9) (UGT1-09) (UGT1.9) (UDP-glucuronosyltransferase 1-I) (UGT-1I) (UGT1I) (lugP4)	2.4.1.17	GT1;
O60762	DPM1	Dolichol-phosphate mannosyltransferase subunit 1 (EC 2.4.1.83) (Dolichol-phosphate mannose synthase subunit 1) (DPM synthase subunit 1) (Dolichyl-phosphate beta-D-mannosyltransferase subunit 1) (Mannose-P-dolichol synthase subunit 1) (MPD synthase subunit 1)	2.4.1.83	GT2;
O60909	B4GALT2	Beta-1,4-galactosyltransferase 2 (Beta-1,4-GalTase 2) (Beta4Gal-T2) (b4Gal-T2) (EC 2.4.1.-) (Beta-N-acetylglucosaminyl-glycolipid beta-1,4-galactosyltransferase) (Beta-N-acetylglucosaminylglycopeptide beta-1,4-galactosyltransferase) (EC 2.4.1.38) (Lactose synthase A protein) (EC 2.4.1.22) (N-acetyllactosamine synthase) (EC 2.4.1.90) (Nal synthase) (UDP-Gal:beta-GlcNAc beta-1,4-galactosyltransferase 2) (UDP-galactose:beta-N-acetylglucosamine beta-1,4-galactosyltransferase 2)	2.4.1.-; 2.4.1.38; 2.4.1.22; 2.4.1.90	GT7;
O75310	UGT2B11	UDP-glucuronosyltransferase 2B11 (UDPGT 2B11) (EC 2.4.1.17)	2.4.1.17	GT1;
O75752	B3GALNT1	UDP-GalNAc:beta-1,3-N-acetylgalactosaminyltransferase 1 (Beta-1,3-GalNAc-T1) (EC 2.4.1.79) (Beta-1,3-galactosyltransferase 3) (Beta-1,3-GalTase 3) (Beta3Gal-T3) (Beta3GalT3) (b3Gal-T3) (Beta-3-Gx-T3) (Galactosylgalactosylglucosylceramide beta-D-acetyl-galactosaminyltransferase) (Globoside synthase) (UDP-N-acetylgalactosamine:globotriaosylceramide beta-1,3-N-acetylgalactosaminyltransferase)	2.4.1.79	GT31;
O75795	UGT2B17	UDP-glucuronosyltransferase 2B17 (UDPGT 2B17) (UGT2B17) (EC 2.4.1.17) (C19-steroid-specific UDP-glucuronosyltransferase) (C19-steroid-specific UDPGT)	2.4.1.17	GT1;
O94766	B3GAT3	Galactosylgalactosylxylosylprotein 3-beta-glucuronosyltransferase 3 (EC 2.4.1.135) (Beta-1,3-glucuronyltransferase 3) (Glucuronosyltransferase I) (GlcAT-I) (UDP-GlcUA:Gal beta-1,3-Gal-R glucuronyltransferase) (GlcUAT-I)	2.4.1.135	GT43;
O95045	UPP2	Uridine phosphorylase 2 (UPase 2) (UrdPase 2) (EC 2.4.2.3)	2.4.2.3	
O95271	TNKS	Poly [ADP-ribose] polymerase tankyrase-1 (EC 2.4.2.30) (ADP-ribosyltransferase diphtheria toxin-like 5) (ARTD5) (Poly [ADP-ribose] polymerase 5A) (Protein poly-ADP-ribosyltransferase tankyrase-1) (EC 2.4.2.-) (TNKS-1) (TRF1-interacting ankyrin-related ADP-ribose polymerase) (Tankyrase I) (Tankyrase-1) (TANK1)	2.4.2.30; 2.4.2.-	
O95278	EPM2A	Laforin (EC 3.1.3.-) (EC 3.1.3.16) (EC 3.1.3.48) (Glucan phosphatase) (Glycogen phosphatase) (Lafora PTPase) (LAFPTPase)	3.1.3.-; 3.1.3.16; 3.1.3.48	CBM20;
O95395	GCNT3	Beta-1,3-galactosyl-O-glycosyl-glycoprotein beta-1,6-N-acetylglucosaminyltransferase 3 (EC 2.4.1.102) (EC 2.4.1.148) (EC 2.4.1.150) (C2GnT-mucin type) (C2GnT-M) (hC2GnT-M) (Core 2/core 4 beta-1,6-N-acetylglucosaminyltransferase) (C2/4GnT)	2.4.1.102; 2.4.1.148; 2.4.1.150	GT14;
O95461	LARGE1	LARGE xylosyl- and glucuronyltransferase 1 (EC 2.4.-.-) (Acetylglucosaminyltransferase-like 1A) (Glycosyltransferase-like protein) [Includes: Xylosyltransferase LARGE (EC 2.4.2.-); Beta-1,3-glucuronyltransferase LARGE (EC 2.4.1.-)]	2.4.-.-; 2.4.2.-; 2.4.1.-	GT49;GT8;
O96024	B3GALT4	Beta-1,3-galactosyltransferase 4 (Beta-1,3-GalTase 4) (Beta3Gal-T4) (Beta3GalT4) (GalT4) (b3Gal-T4) (EC 2.4.1.62) (Gal-T2) (Ganglioside galactosyltransferase) (UDP-galactose:beta-N-acetyl-galactosamine-beta-1,3-galactosyltransferase)	2.4.1.62	GT31;
P00491	PNP	Purine nucleoside phosphorylase (PNP) (EC 2.4.2.1) (Inosine phosphorylase) (Inosine-guanosine phosphorylase)	2.4.2.1	
P00492	HPRT1	Hypoxanthine-guanine phosphoribosyltransferase (HGPRT) (HGPRTase) (EC 2.4.2.8)	2.4.2.8	
P00709	LALBA	Alpha-lactalbumin (Lactose synthase B protein) (Lysozyme-like protein 7)		
P04062	GBA	Lysosomal acid glucosylceramidase (Lysosomal acid GCase) (EC 3.2.1.45) (Acid beta-glucosidase) (Alglucerase) (Beta-glucocerebrosidase) (Beta-GC) (Cholesterol glucosyltransferase) (SGTase) (EC 2.4.1.-) (Cholesteryl-beta-glucosidase) (EC 3.2.1.-) (D-glucosyl-N-acylsphingosine glucohydrolase) (Imiglucerase)	3.2.1.45; 2.4.1.-; 3.2.1.-	GH30;
P06133	UGT2B4	UDP-glucuronosyltransferase 2B4 (UDPGT 2B4) (EC 2.4.1.17) (HLUG25) (Hyodeoxycholic acid-specific UDPGT) (UDPGTh-1)	2.4.1.17	GT1;
P06737	PYGL	Glycogen phosphorylase, liver form (EC 2.4.1.1)	2.4.1.1	GT35;
P06865	HEXA	Beta-hexosaminidase subunit alpha (EC 3.2.1.52) (Beta-N-acetylhexosaminidase subunit alpha) (Hexosaminidase subunit A) (N-acetyl-beta-glucosaminidase subunit alpha)	3.2.1.52	GH20;
P07686	HEXB	Beta-hexosaminidase subunit beta (EC 3.2.1.52) (Beta-N-acetylhexosaminidase subunit beta) (Hexosaminidase subunit B) (Cervical cancer proto-oncogene 7 protein) (HCC-7) (N-acetyl-beta-glucosaminidase subunit beta) [Cleaved into: Beta-hexosaminidase subunit beta chain B; Beta-hexosaminidase subunit beta chain A]	3.2.1.52	GH20;
P07741	APRT	Adenine phosphoribosyltransferase (APRT) (EC 2.4.2.7)	2.4.2.7	
P09874	PARP1	Poly [ADP-ribose] polymerase 1 (PARP-1) (EC 2.4.2.30) (ADP-ribosyltransferase diphtheria toxin-like 1) (ARTD1) (DNA ADP-ribosyltransferase PARP1) (EC 2.4.2.-) (NAD(+) ADP-ribosyltransferase 1) (ADPRT 1) (Poly[ADP-ribose] synthase 1) (Protein poly-ADP-ribosyltransferase PARP1) (EC 2.4.2.-)	2.4.2.30; 2.4.2.-	
P0DN25	C1GALT1C1L	C1GALT1-specific chaperone 1-like protein		
P0DTE4	UGT2A1	UDP-glucuronosyltransferase 2A1 (UDPGT 2A1) (UGT2A1) (EC 2.4.1.17)	2.4.1.17	GT1;
P0DTE5	UGT2A2	UDP-glucuronosyltransferase 2A2 (UDPGT 2A2) (EC 2.4.1.17)	2.4.1.17	
P11172	UMPS	Uridine 5'-monophosphate synthase (UMP synthase) [Includes: Orotate phosphoribosyltransferase (OPRT) (OPRTase) (EC 2.4.2.10); Orotidine 5'-phosphate decarboxylase (ODC) (EC 4.1.1.23) (OMPdecase)]	2.4.2.10; 4.1.1.23	
P11216	PYGB	Glycogen phosphorylase, brain form (EC 2.4.1.1)	2.4.1.1	GT35;
P11217	PYGM	Glycogen phosphorylase, muscle form (EC 2.4.1.1) (Myophosphorylase)	2.4.1.1	GT35;
P13807	GYS1	Glycogen [starch] synthase, muscle (EC 2.4.1.11)	2.4.1.11	GT3;
P15291	B4GALT1	Beta-1,4-galactosyltransferase 1 (Beta-1,4-GalTase 1) (Beta4Gal-T1) (b4Gal-T1) (EC 2.4.1.-) (Beta-N-acetylglucosaminyl-glycolipid beta-1,4-galactosyltransferase) (Beta-N-acetylglucosaminylglycopeptide beta-1,4-galactosyltransferase) (EC 2.4.1.38) (Lactose synthase A protein) (EC 2.4.1.22) (N-acetyllactosamine synthase) (EC 2.4.1.90) (Nal synthase) (Neolactotriaosylceramide beta-1,4-galactosyltransferase) (EC 2.4.1.275) (UDP-Gal:beta-GlcNAc beta-1,4-galactosyltransferase 1) (UDP-galactose:beta-N-acetylglucosamine beta-1,4-galactosyltransferase 1) [Cleaved into: Processed beta-1,4-galactosyltransferase 1]	2.4.1.-; 2.4.1.38; 2.4.1.22; 2.4.1.90; 2.4.1.275	GT7;
P15907	ST6GAL1	Beta-galactoside alpha-2,6-sialyltransferase 1 (Alpha 2,6-ST 1) (EC 2.4.99.1) (B-cell antigen CD75) (CMP-N-acetylneuraminate-beta-galactosamide-alpha-2,6-sialyltransferase 1) (ST6Gal I) (ST6GalI) (Sialyltransferase 1)	2.4.99.1	GT29;
P16442	ABO	Histo-blood group ABO system transferase (Fucosylglycoprotein 3-alpha-galactosyltransferase) (Fucosylglycoprotein alpha-N-acetylgalactosaminyltransferase) (Glycoprotein-fucosylgalactoside alpha-N-acetylgalactosaminyltransferase) (EC 2.4.1.40) (Glycoprotein-fucosylgalactoside alpha-galactosyltransferase) (EC 2.4.1.37) (Histo-blood group A transferase) (A transferase) (Histo-blood group B transferase) (B transferase) (NAGAT) [Cleaved into: Fucosylglycoprotein alpha-N-acetylgalactosaminyltransferase soluble form]	2.4.1.40; 2.4.1.37	GT6;
P16662	UGT2B7	UDP-glucuronosyltransferase 2B7 (UDPGT 2B7) (UGT2B7) (EC 2.4.1.17) (3,4-catechol estrogen-specific UDPGT) (UDP-glucuronosyltransferase 2B9) (UDPGT 2B9) (UDPGTh-2)	2.4.1.17	GT1;
P19224	UGT1A6	UDP-glucuronosyltransferase 1-6 (UDPGT 1-6) (UGT1*6) (UGT1-06) (UGT1.6) (EC 2.4.1.17) (Phenol-metabolizing UDP-glucuronosyltransferase) (UDP-glucuronosyltransferase 1-F) (UGT-1F) (UGT1F) (UDP-glucuronosyltransferase 1A6)	2.4.1.17	GT1;
P19526	FUT1	Galactoside alpha-(1,2)-fucosyltransferase 1 (Alpha(1,2)FT 1) (Blood group H alpha 2-fucosyltransferase) (Fucosyltransferase 1) (GDP-L-fucose:beta-D-galactoside 2-alpha-L-fucosyltransferase 1) (Type 1 galactoside alpha-(1,2)-fucosyltransferase FUT1) (EC 2.4.1.69) (Type 2 galactoside alpha-(1,2)-fucosyltransferase FUT1) (EC 2.4.1.344)	2.4.1.69; 2.4.1.344	GT11;
P19971	TYMP	Thymidine phosphorylase (TP) (EC 2.4.2.4) (Gliostatin) (Platelet-derived endothelial cell growth factor) (PD-ECGF) (TdRPase)	2.4.2.4	
P21217	FUT3	3-galactosyl-N-acetylglucosaminide 4-alpha-L-fucosyltransferase FUT3 (EC 2.4.1.65) (Alpha-3-fucosyltransferase FUT3) (EC 2.4.1.-) (Blood group Lewis alpha-4-fucosyltransferase) (Lewis FT) (Fucosyltransferase 3) (Fucosyltransferase III) (FucT-III)	2.4.1.65; 2.4.1.-	GT10;
P22083	FUT4	Alpha-(1,3)-fucosyltransferase 4 (EC 2.4.1.-) (ELAM-1 ligand fucosyltransferase) (Fucosyltransferase 4) (Fucosyltransferase IV) (Fuc-TIV) (FucT-IV) (Galactoside 3-L-fucosyltransferase)	2.4.1.-	GT10;
P22309	UGT1A1	UDP-glucuronosyltransferase 1A1 (UGT1A1) (EC 2.4.1.17) (Bilirubin-specific UDPGT isozyme 1) (hUG-BR1) (UDP-glucuronosyltransferase 1-1) (UDPGT 1-1) (UGT1*1) (UGT1-01) (UGT1.1) (UDP-glucuronosyltransferase 1A isoform 1)	2.4.1.17	GT1;
P22310	UGT1A4	UDP-glucuronosyltransferase 1A4 (UGT1A4) (EC 2.4.1.17) (Bilirubin-specific UDPGT isozyme 2) (hUG-BR2) (UDP-glucuronosyltransferase 1-4) (UDPGT 1-4) (UGT1*4) (UGT1-04) (UGT1.4) (UDP-glucuronosyltransferase 1-D) (UGT-1D) (UGT1D)	2.4.1.17	GT1;
P26572	MGAT1	Alpha-1,3-mannosyl-glycoprotein 2-beta-N-acetylglucosaminyltransferase (EC 2.4.1.101) (N-glycosyl-oligosaccharide-glycoprotein N-acetylglucosaminyltransferase I) (GNT-I) (GlcNAc-T I)	2.4.1.101	GT13;
P35503	UGT1A3	UDP-glucuronosyltransferase 1A3 (UGT1A3) (EC 2.4.1.17) (UDP-glucuronosyltransferase 1-3) (UDPGT 1-3) (UGT1*3) (UGT1-03) (UGT1.3) (UDP-glucuronosyltransferase 1-C) (UGT-1C) (UGT1C) (UDP-glucuronosyltransferase 1A isoform 3)	2.4.1.17	GT1;
P35504	UGT1A5	UDP-glucuronosyltransferase 1A5 (UGT1A5) (EC 2.4.1.17) (UDP-glucuronosyltransferase 1-5) (UDPGT 1-5) (UGT1*5) (UGT1-05) (UGT1.5) (UDP-glucuronosyltransferase 1-E) (UGT-1E) (UGT1E)	2.4.1.17	GT1;
P35573	AGL	Glycogen debranching enzyme (Glycogen debrancher) [Includes: 4-alpha-glucanotransferase (EC 2.4.1.25) (Oligo-1,4-1,4-glucantransferase); Amylo-alpha-1,6-glucosidase (Amylo-1,6-glucosidase) (EC 3.2.1.33) (Dextrin 6-alpha-D-glucosidase)]	2.4.1.25; 3.2.1.33	GH13;GH133;
P36537	UGT2B10	UDP-glucuronosyltransferase 2B10 (UDPGT 2B10) (EC 2.4.1.17)	2.4.1.17	GT1;
P37287	PIGA	Phosphatidylinositol N-acetylglucosaminyltransferase subunit A (EC 2.4.1.198) (GlcNAc-PI synthesis protein) (Phosphatidylinositol-glycan biosynthesis class A protein) (PIG-A)	2.4.1.198	GT4;
P43490	NAMPT	Nicotinamide phosphoribosyltransferase (NAmPRTase) (Nampt) (EC 2.4.2.12) (Pre-B-cell colony-enhancing factor 1) (Pre-B cell-enhancing factor) (Visfatin)	2.4.2.12	
P46976	GYG1	Glycogenin-1 (GN-1) (GN1) (EC 2.4.1.186)	2.4.1.186	GT8;
P46977	STT3A	Dolichyl-diphosphooligosaccharide--protein glycosyltransferase subunit STT3A (Oligosaccharyl transferase subunit STT3A) (STT3-A) (EC 2.4.99.18) (B5) (Integral membrane protein 1) (Transmembrane protein TMC)	2.4.99.18	GT66;
P51993	FUT6	4-galactosyl-N-acetylglucosaminide 3-alpha-L-fucosyltransferase FUT6 (EC 2.4.1.152) (Fucosyltransferase 6) (Fucosyltransferase VI) (Fuc-TVI) (FucT-VI) (Galactoside 3-L-fucosyltransferase)	2.4.1.152	GT10;
P52961	ART1	GPI-linked NAD(P)(+)--arginine ADP-ribosyltransferase 1 (EC 2.4.2.31) (ADP-ribosyltransferase C2 and C3 toxin-like 1) (ARTC1) (Mono(ADP-ribosyl)transferase 1) (CD antigen CD296)	2.4.2.31	
P54840	GYS2	Glycogen [starch] synthase, liver (EC 2.4.1.11)	2.4.1.11	GT3;
P54855	UGT2B15	UDP-glucuronosyltransferase 2B15 (UDPGT 2B15) (UGT2B15) (EC 2.4.1.17) (HLUG4) (UDP-glucuronosyltransferase 2B8) (UDPGT 2B8) (UDPGTh-3)	2.4.1.17	GT1;
P57054	PIGP	Phosphatidylinositol N-acetylglucosaminyltransferase subunit P (EC 2.4.1.198) (Down syndrome critical region protein 5) (Down syndrome critical region protein C) (Phosphatidylinositol-glycan biosynthesis class P protein) (PIG-P)	2.4.1.198	
P61647	ST8SIA6	Alpha-2,8-sialyltransferase 8F (EC 2.4.99.-) (Sialyltransferase 8F) (SIAT8-F) (Sialyltransferase St8Sia VI) (ST8SiaVI)	2.4.99.-	GT29;
Q00973	B4GALNT1	Beta-1,4 N-acetylgalactosaminyltransferase 1 (EC 2.4.1.92) ((N-acetylneuraminyl)-galactosylglucosylceramide) (GM2/GD2 synthase) (GalNAc-T)	2.4.1.92	GT12;
Q02742	GCNT1	Beta-1,3-galactosyl-O-glycosyl-glycoprotein beta-1,6-N-acetylglucosaminyltransferase (EC 2.4.1.102) (Core 2-branching enzyme) (Core2-GlcNAc-transferase) (C2GNT) (Core 2 GNT)	2.4.1.102	GT14;
Q04446	GBE1	1,4-alpha-glucan-branching enzyme (EC 2.4.1.18) (Brancher enzyme) (Glycogen-branching enzyme)	2.4.1.18	CBM48;GH13;
Q06203	PPAT	Amidophosphoribosyltransferase (ATase) (EC 2.4.2.14) (Glutamine phosphoribosylpyrophosphate amidotransferase) (GPAT)	2.4.2.14	
Q8N0V5	GCNT2	N-acetyllactosaminide beta-1,6-N-acetylglucosaminyl-transferase (N-acetylglucosaminyltransferase) (EC 2.4.1.150) (I-branching enzyme) (IGNT)	2.4.1.150	GT14;
Q09327	MGAT3	Beta-1,4-mannosyl-glycoprotein 4-beta-N-acetylglucosaminyltransferase (EC 2.4.1.144) (N-glycosyl-oligosaccharide-glycoprotein N-acetylglucosaminyltransferase III) (GNT-III) (GlcNAc-T III) (N-acetylglucosaminyltransferase III)	2.4.1.144	GT17;
Q09328	MGAT5	Alpha-1,6-mannosylglycoprotein 6-beta-N-acetylglucosaminyltransferase A (EC 2.4.1.155) (Alpha-mannoside beta-1,6-N-acetylglucosaminyltransferase V) (GlcNAc-T V) (GNT-V) (Mannoside acetylglucosaminyltransferase 5) (N-acetylglucosaminyl-transferase V) [Cleaved into: Secreted alpha-1,6-mannosylglycoprotein 6-beta-N-acetylglucosaminyltransferase A (Secreted beta-1,6-N-acetylglucosaminyltransferase V) (Secreted GNT-V)]	2.4.1.155	GT18;
Q10469	MGAT2	Alpha-1,6-mannosyl-glycoprotein 2-beta-N-acetylglucosaminyltransferase (EC 2.4.1.143) (Beta-1,2-N-acetylglucosaminyltransferase II) (GlcNAc-T II) (GNT-II) (Mannoside acetylglucosaminyltransferase 2) (N-glycosyl-oligosaccharide-glycoprotein N-acetylglucosaminyltransferase II)	2.4.1.143	GT16;
Q10471	GALNT2	Polypeptide N-acetylgalactosaminyltransferase 2 (EC 2.4.1.41) (Polypeptide GalNAc transferase 2) (GalNAc-T2) (pp-GaNTase 2) (Protein-UDP acetylgalactosaminyltransferase 2) (UDP-GalNAc:polypeptide N-acetylgalactosaminyltransferase 2) [Cleaved into: Polypeptide N-acetylgalactosaminyltransferase 2 soluble form]	2.4.1.41	CBM13;GT27;
Q10472	GALNT1	Polypeptide N-acetylgalactosaminyltransferase 1 (EC 2.4.1.41) (Polypeptide GalNAc transferase 1) (GalNAc-T1) (pp-GaNTase 1) (Protein-UDP acetylgalactosaminyltransferase 1) (UDP-GalNAc:polypeptide N-acetylgalactosaminyltransferase 1) [Cleaved into: Polypeptide N-acetylgalactosaminyltransferase 1 soluble form]	2.4.1.41	CBM13;GT27;
Q10981	FUT2	Galactoside alpha-(1,2)-fucosyltransferase 2 (Alpha(1,2)FT 2) (Fucosyltransferase 2) (GDP-L-fucose:beta-D-galactoside 2-alpha-L-fucosyltransferase 2) (SE2) (Secretor blood group alpha-2-fucosyltransferase) (Secretor factor) (Se) (Type 1 galactoside alpha-(1,2)-fucosyltransferase FUT2) (EC 2.4.1.69) (Type 2 galactoside alpha-(1,2)-fucosyltransferase FUT2) (EC 2.4.1.344)	2.4.1.69; 2.4.1.344	GT11;
Q11128	FUT5	4-galactosyl-N-acetylglucosaminide 3-alpha-L-fucosyltransferase FUT5 (EC 2.4.1.152) (3-galactosyl-N-acetylglucosaminide 4-alpha-L-fucosyltransferase FUT5) (EC 2.4.1.65) (Fucosyltransferase 5) (Fucosyltransferase V) (Fuc-TV) (FucT-V) (Galactoside 3-L-fucosyltransferase)	2.4.1.152; 2.4.1.65	GT10;
Q11130	FUT7	Alpha-(1,3)-fucosyltransferase 7 (EC 2.4.1.-) (Fucosyltransferase 7) (Fucosyltransferase VII) (Fuc-TVII) (FucT-VII) (Galactoside 3-L-fucosyltransferase) (Selectin ligand synthase)	2.4.1.-	GT10;
Q11201	ST3GAL1	CMP-N-acetylneuraminate-beta-galactosamide-alpha-2,3-sialyltransferase 1 (Alpha 2,3-ST 1) (Beta-galactoside alpha-2,3-sialyltransferase 1) (EC 2.4.99.4) (Gal-NAc6S) (Gal-beta-1,3-GalNAc-alpha-2,3-sialyltransferase) (SIATFL) (ST3Gal I) (ST3GalI) (ST3GalA.1) (ST3O) (Sialyltransferase 4A) (SIAT4-A)	2.4.99.4	GT29;
Q11203	ST3GAL3	CMP-N-acetylneuraminate-beta-1,4-galactoside alpha-2,3-sialyltransferase (EC 2.4.99.6) (Beta-galactoside alpha-2,3-sialyltransferase 3) (Alpha 2,3-ST 3) (Gal beta-1,3(4) GlcNAc alpha-2,3 sialyltransferase) (N-acetyllactosaminide alpha-2,3-sialyltransferase) (ST3Gal III) (ST3GalIII) (ST3N) (Sialyltransferase 6)	2.4.99.6	GT29;
Q11206	ST3GAL4	CMP-N-acetylneuraminate-beta-galactosamide-alpha-2,3-sialyltransferase 4 (Alpha 2,3-ST 4) (Beta-galactoside alpha-2,3-sialyltransferase 4) (EC 2.4.99.2) (EC 2.4.99.4) (Alpha 2,3-sialyltransferase IV) (Gal-NAc6S) (Gal-beta-1,3-GalNAc-alpha-2,3-sialyltransferase) (Gal-beta-1,4-GlcNAc-alpha-2,3-sialyltransferase) (N-acetyllactosaminide alpha-2,3-sialyltransferase) (EC 2.4.99.6) (SAT-3) (ST-4) (ST3Gal IV) (ST3GalIV) (ST3GalA.2) (STZ) (Sialyltransferase 4C) (SIAT4-C)	2.4.99.2; 2.4.99.4; 2.4.99.6	GT29;
Q12794	HYAL1	Hyaluronidase-1 (Hyal-1) (EC 3.2.1.35) (Hyaluronoglucosaminidase-1) (Lung carcinoma protein 1) (LuCa-1)	3.2.1.35	GH56;
Q13126	MTAP	S-methyl-5'-thioadenosine phosphorylase (EC 2.4.2.28) (5'-methylthioadenosine phosphorylase) (MTA phosphorylase) (MTAP) (MTAPase)	2.4.2.28	
Q13508	ART3	Ecto-ADP-ribosyltransferase 3 (EC 2.4.2.31) (ADP-ribosyltransferase C2 and C3 toxin-like 3) (ARTC3) (Mono(ADP-ribosyl)transferase 3) (NAD(P)(+)--arginine ADP-ribosyltransferase 3)	2.4.2.31	
Q14435	GALNT3	Polypeptide N-acetylgalactosaminyltransferase 3 (EC 2.4.1.41) (Polypeptide GalNAc transferase 3) (GalNAc-T3) (pp-GaNTase 3) (Protein-UDP acetylgalactosaminyltransferase 3) (UDP-GalNAc:polypeptide N-acetylgalactosaminyltransferase 3)	2.4.1.41	CBM13;GT27;
Q14442	PIGH	Phosphatidylinositol N-acetylglucosaminyltransferase subunit H (EC 2.4.1.198) (Phosphatidylinositol-glycan biosynthesis class H protein) (PIG-H)	2.4.1.198	
Q15274	QPRT	Nicotinate-nucleotide pyrophosphorylase [carboxylating] (EC 2.4.2.19) (Quinolinate phosphoribosyltransferase [decarboxylating]) (QAPRTase) (QPRTase)	2.4.2.19	
Q16394	EXT1	Exostosin-1 (EC 2.4.1.224) (EC 2.4.1.225) (Glucuronosyl-N-acetylglucosaminyl-proteoglycan/N-acetylglucosaminyl-proteoglycan 4-alpha-N-acetylglucosaminyltransferase) (Multiple exostoses protein 1) (Putative tumor suppressor protein EXT1)	2.4.1.224; 2.4.1.225	GT47;GT64;
Q16739	UGCG	Ceramide glucosyltransferase (EC 2.4.1.80) (GLCT-1) (Glucosylceramide synthase) (GCS) (UDP-glucose ceramide glucosyltransferase) (UDP-glucose:N-acylsphingosine D-glucosyltransferase)	2.4.1.80	GT21;
Q16831	UPP1	Uridine phosphorylase 1 (UPase 1) (UrdPase 1) (EC 2.4.2.3)	2.4.2.3	
Q16842	ST3GAL2	CMP-N-acetylneuraminate-beta-galactosamide-alpha-2,3-sialyltransferase 2 (Alpha 2,3-ST 2) (Beta-galactoside alpha-2,3-sialyltransferase 2) (EC 2.4.99.4) (Gal-NAc6S) (Gal-beta-1,3-GalNAc-alpha-2,3-sialyltransferase) (Monosialoganglioside sialyltransferase) (EC 2.4.99.2) (ST3Gal II) (ST3GalII) (ST3GalA.2) (Sialyltransferase 4B) (SIAT4-B)	2.4.99.4; 2.4.99.2	GT29;
Q16880	UGT8	2-hydroxyacylsphingosine 1-beta-galactosyltransferase (EC 2.4.1.47) (Ceramide UDP-galactosyltransferase) (Cerebroside synthase) (UDP-galactose-ceramide galactosyltransferase)	2.4.1.47	GT1;
Q2NL67	PARP6	Protein mono-ADP-ribosyltransferase PARP6 (EC 2.4.2.-) (ADP-ribosyltransferase diphtheria toxin-like 17) (ARTD17) (Poly [ADP-ribose] polymerase 6) (PARP-6)	2.4.2.-	
Q2PZI1	DPY19L1	Probable C-mannosyltransferase DPY19L1 (EC 2.4.1.-) (Dpy-19-like protein 1) (Protein dpy-19 homolog 1)	2.4.1.-	
Q2TAA5	ALG11	GDP-Man:Man(3)GlcNAc(2)-PP-Dol alpha-1,2-mannosyltransferase (EC 2.4.1.131) (Asparagine-linked glycosylation protein 11 homolog) (Glycolipid 2-alpha-mannosyltransferase)	2.4.1.131	GT4;
Q3SY77	UGT3A2	UDP-glucuronosyltransferase 3A2 (UDPGT 3A2) (EC 2.4.1.17)	2.4.1.17	GT1;
Q3V5L5	MGAT5B	Alpha-1,6-mannosylglycoprotein 6-beta-N-acetylglucosaminyltransferase B (EC 2.4.1.-) (EC 2.4.1.155) (Alpha-mannoside beta-1,6-N-acetylglucosaminyltransferase B) (GlcNAc-T Vb) (GNT-Vb) (hGnTVb) (Mannoside acetylglucosaminyltransferase 5B) (N-acetylglucosaminyl-transferase Vb) (N-acetylglucosaminyltransferase IX) (GNT-IX)	2.4.1.-; 2.4.1.155	GT18;
Q460N3	PARP15	Protein mono-ADP-ribosyltransferase PARP15 (EC 2.4.2.-) (ADP-ribosyltransferase diphtheria toxin-like 7) (ARTD7) (B-aggressive lymphoma protein 3) (Poly [ADP-ribose] polymerase 15) (PARP-15)	2.4.2.-	
Q460N5	PARP14	Protein mono-ADP-ribosyltransferase PARP14 (EC 2.4.2.-) (ADP-ribosyltransferase diphtheria toxin-like 8) (ARTD8) (B aggressive lymphoma protein 2) (Poly [ADP-ribose] polymerase 14) (PARP-14)	2.4.2.-	
Q495W5	FUT11	Alpha-(1,3)-fucosyltransferase 11 (EC 2.4.1.-) (Fucosyltransferase XI) (Fuc-TXI) (FucT-XI) (Galactoside 3-L-fucosyltransferase 11) (Fucosyltransferase 11)	2.4.1.-	GT10;
Q49A17	GALNTL6	Polypeptide N-acetylgalactosaminyltransferase-like 6 (EC 2.4.1.41) (Polypeptide GalNAc transferase 17) (GalNAc-T17) (pp-GaNTase 17) (Protein-UDP acetylgalactosaminyltransferase 17) (Putative polypeptide N-acetylgalactosaminyltransferase 17) (UDP-GalNAc:polypeptide N-acetylgalactosaminyltransferase 17)	2.4.1.41	CBM13;GT27;
Q4AE62	GTDC1	Glycosyltransferase-like domain-containing protein 1 (Mannosyltransferase-like protein Xa) (Mat-Xa)		GT4;
Q4G0N0	GGTA1	Inactive N-acetyllactosaminide alpha-1,3-galactosyltransferase (Glycoprotein alpha-galactosyltransferase 1 pseudogene)		
Q4G148	GXYLT1	Glucoside xylosyltransferase 1 (EC 2.4.2.42) (Glycosyltransferase 8 domain-containing protein 3)	2.4.2.42	GT8;
Q53GL7	PARP10	Protein mono-ADP-ribosyltransferase PARP10 (EC 2.4.2.-) (ADP-ribosyltransferase diphtheria toxin-like 10) (ARTD10) (Poly [ADP-ribose] polymerase 10) (PARP-10)	2.4.2.-	
Q9UM21	MGAT4A	Alpha-1,3-mannosyl-glycoprotein 4-beta-N-acetylglucosaminyltransferase A (EC 2.4.1.145) (N-glycosyl-oligosaccharide-glycoprotein N-acetylglucosaminyltransferase IVa) (GlcNAc-T IVa) (GnT-IVa) (N-acetylglucosaminyltransferase IVa) (UDP-N-acetylglucosamine: alpha-1,3-D-mannoside beta-1,4-N-acetylglucosaminyltransferase IVa) [Cleaved into: Alpha-1,3-mannosyl-glycoprotein 4-beta-N-acetylglucosaminyltransferase A soluble form]	2.4.1.145	GT54;
Q5BKT4	ALG10	Dol-P-Glc:Glc(2)Man(9)GlcNAc(2)-PP-Dol alpha-1,2-glucosyltransferase (EC 2.4.1.256) (Alpha-1,2-glucosyltransferase ALG10-A) (Alpha-2-glucosyltransferase ALG10-A) (Asparagine-linked glycosylation protein 10 homolog A)	2.4.1.256	GT59;
Q5I7T1	ALG10B	Putative Dol-P-Glc:Glc(2)Man(9)GlcNAc(2)-PP-Dol alpha-1,2-glucosyltransferase (EC 2.4.1.256) (Alpha-1,2-glucosyltransferase ALG10-A) (Alpha-2-glucosyltransferase ALG10-B) (Asparagine-linked glycosylation protein 10 homolog B) (Potassium channel regulator 1)	2.4.1.256	
Q5NDL2	EOGT	EGF domain-specific O-linked N-acetylglucosamine transferase (EC 2.4.1.255) (Extracellular O-linked N-acetylglucosamine transferase)	2.4.1.255	GT61;
Q5T4B2	CERCAM	Inactive glycosyltransferase 25 family member 3 (Cerebral endothelial cell adhesion molecule)		GT25;
Q5T4D3	TMTC4	Protein O-mannosyl-transferase TMTC4 (EC 2.4.1.109) (Transmembrane and TPR repeat-containing protein 4)	2.4.1.109	
Q67FW5	B3GNTL1	UDP-GlcNAc:betaGal beta-1,3-N-acetylglucosaminyltransferase-like protein 1 (BGnT-like protein 1) (Beta1,3-N-acetylglucosaminyltransferase-like protein 1) (Beta3Gn-T-like protein 1) (Beta3GnTL1) (EC 2.4.1.-) (Beta-1,3-N-acetylglucosaminyltransferase 8) (BGnT-8) (Beta-1,3-Gn-T8) (Beta3Gn-T8)	2.4.1.-	GT2;
Q68CQ7	GLT8D1	Glycosyltransferase 8 domain-containing protein 1 (EC 2.4.1.-)	2.4.1.-	GT8;
Q6GMV1	ALG1L	Putative glycosyltransferase ALG1-like (EC 2.4.1.-)	2.4.1.-	GT33;
Q6IS24	GALNT17	Polypeptide N-acetylgalactosaminyltransferase 17 (EC 2.4.1.41) (Polypeptide GalNAc transferase-like protein 3) (GalNAc-T-like protein 3) (pp-GaNTase-like protein 3) (Protein-UDP acetylgalactosaminyltransferase-like protein 3) (UDP-GalNAc:polypeptide N-acetylgalactosaminyltransferase-like protein 3) (Williams-Beuren syndrome chromosomal region 17 protein)	2.4.1.41	CBM13;GT27;
Q6L9W6	B4GALNT3	Beta-1,4-N-acetylgalactosaminyltransferase 3 (B4GalNAcT3) (Beta4GalNAc-T3) (Beta4GalNAcT3) (EC 2.4.1.244) (Beta-1,4-N-acetylgalactosaminyltransferase III) (N-acetyl-beta-glucosaminyl-glycoprotein 4-beta-N-acetylgalactosaminyltransferase 2) (NGalNAc-T2)	2.4.1.244	GT7;
Q6NUS8	UGT3A1	UDP-glucuronosyltransferase 3A1 (UDPGT 3A1) (EC 2.4.1.17)	2.4.1.17	GT1;
Q6NUT2	DPY19L2	Probable C-mannosyltransferase DPY19L2 (EC 2.4.1.-) (Dpy-19-like protein 2) (Protein dpy-19 homolog 2)	2.4.1.-	
Q6NXN4	DPY19L2P1	Putative C-mannosyltransferase DPY19L2P1 (EC 2.4.1.-) (Dpy-19-like protein 2 pseudogene 1) (Protein dpy-19 homolog 2-like 1)	2.4.1.-	
Q3V5L5	MGAT5B	Alpha-1,6-mannosylglycoprotein 6-beta-N-acetylglucosaminyltransferase B (EC 2.4.1.-) (EC 2.4.1.155) (Alpha-mannoside beta-1,6-N-acetylglucosaminyltransferase B) (GlcNAc-T Vb) (GNT-Vb) (hGnTVb) (Mannoside acetylglucosaminyltransferase 5B) (N-acetylglucosaminyl-transferase Vb) (N-acetylglucosaminyltransferase IX) (GNT-IX)	2.4.1.-; 2.4.1.155	GT18;
Q6P4F1	FUT10	Alpha-(1,3)-fucosyltransferase 10 (EC 2.4.1.-) (Fucosyltransferase X) (Fuc-TX) (FucT-X) (Galactoside 3-L-fucosyltransferase 10) (Fucosyltransferase 10)	2.4.1.-	GT10;
Q6P9A2	GALNT18	Polypeptide N-acetylgalactosaminyltransferase 18 (EC 2.4.1.41) (Polypeptide GalNAc transferase 18) (GalNAc-T18) (Polypeptide GalNAc transferase-like protein 4) (GalNAc-T-like protein 4) (pp-GaNTase-like protein 4) (Polypeptide N-acetylgalactosaminyltransferase-like protein 4) (Protein-UDP acetylgalactosaminyltransferase-like protein 4) (UDP-GalNAc:polypeptide N-acetylgalactosaminyltransferase-like protein 4)	2.4.1.41	CBM13;GT27;
Q6UW63	POGLUT2	Protein O-glucosyltransferase 2 (EC 2.4.1.-) (Endoplasmic reticulum resident protein 58) (ER protein 58) (ERp58) (KDEL motif-containing protein 1) (Protein O-xylosyltransferase POGLUT2) (EC 2.4.2.-)	2.4.1.-; 2.4.2.-	GT90;
Q6UWM9	UGT2A3	UDP-glucuronosyltransferase 2A3 (UDPGT 2A3) (EC 2.4.1.17)	2.4.1.17	GT1;
Q6UX72	B3GNT9	UDP-GlcNAc:betaGal beta-1,3-N-acetylglucosaminyltransferase 9 (BGnT-9) (Beta-1,3-Gn-T9) (Beta-1,3-N-acetylglucosaminyltransferase 9) (Beta3Gn-T9) (EC 2.4.1.-)	2.4.1.-	GT31;
Q6XQN6	NAPRT	Nicotinate phosphoribosyltransferase (NAPRTase) (EC 6.3.4.21) (FHA-HIT-interacting protein) (Nicotinate phosphoribosyltransferase domain-containing protein 1)	6.3.4.21	
Q6Y288	B3GLCT	Beta-1,3-glucosyltransferase (Beta3Glc-T) (EC 2.4.1.-) (Beta 3-glucosyltransferase) (Beta-3-glycosyltransferase-like)	2.4.1.-	GT31;
Q6ZMB0	B3GNT6	Acetylgalactosaminyl-O-glycosyl-glycoprotein beta-1,3-N-acetylglucosaminyltransferase (EC 2.4.1.147) (Core 3 synthase) (UDP-GlcNAc:betaGal beta-1,3-N-acetylglucosaminyltransferase 6) (BGnT-6) (Beta-1,3-Gn-T6) (Beta-1,3-N-acetylglucosaminyltransferase 6) (Beta3Gn-T6)	2.4.1.147	GT31;
Q6ZN68	DPY19L2P2	Putative C-mannosyltransferase DPY19L2P2 (EC 2.4.1.-) (Dpy-19-like protein 2 pseudogene 2) (Protein dpy-19 homolog 2-like 2)	2.4.1.-	
Q6ZNI0	GCNT7	Beta-1,3-galactosyl-O-glycosyl-glycoprotein beta-1,6-N-acetylglucosaminyltransferase 7 (EC 2.4.1.-)	2.4.1.-	GT14;
Q6ZNW5	GDPGP1	GDP-D-glucose phosphorylase 1 (EC 2.7.7.78)	2.7.7.78	
Q6ZPD9	DPY19L3	Probable C-mannosyltransferase DPY19L3 (EC 2.4.1.-) (Dpy-19-like protein 3) (Protein dpy-19 homolog 3)	2.4.1.-	GT98;
Q6ZXV5	TMTC3	Protein O-mannosyl-transferase TMTC3 (EC 2.4.1.109) (Protein SMILE) (Transmembrane and TPR repeat-containing protein 3)	2.4.1.109	
Q70JA7	CHSY3	Chondroitin sulfate synthase 3 (EC 2.4.1.175) (EC 2.4.1.226) (Carbohydrate synthase 2) (Chondroitin glucuronyltransferase 3) (Chondroitin synthase 2) (ChSy-2) (Glucuronosyl-N-acetylgalactosaminyl-proteoglycan 4-beta-N-acetylgalactosaminyltransferase II) (N-acetylgalactosaminyl-proteoglycan 3-beta-glucuronosyltransferase 3) (N-acetylgalactosaminyltransferase 3)	2.4.1.175; 2.4.1.226	GT31;GT7;
Q76KP1	B4GALNT4	N-acetyl-beta-glucosaminyl-glycoprotein 4-beta-N-acetylgalactosaminyltransferase 1 (NGalNAc-T1) (EC 2.4.1.244) (Beta-1,4-N-acetylgalactosaminyltransferase IV) (Beta4GalNAc-T4) (Beta4GalNAcT4)	2.4.1.244	GT7;
Q7Z388	DPY19L4	Probable C-mannosyltransferase DPY19L4 (EC 2.4.1.-) (Dpy-19-like protein 4) (Protein dpy-19 homolog 4)	2.4.1.-	
Q7Z3E1	TIPARP	Protein mono-ADP-ribosyltransferase TIPARP (EC 2.4.2.-) (ADP-ribosyltransferase diphtheria toxin-like 14) (ARTD14) (Poly [ADP-ribose] polymerase 7) (PARP-7) (TCDD-inducible poly [ADP-ribose] polymerase)	2.4.2.-	
Q7Z4H8	POGLUT3	Protein O-glucosyltransferase 3 (EC 2.4.1.-) (KDEL motif-containing protein 2) (Protein O-xylosyltransferase POGLUT3) (EC 2.4.2.-)	2.4.1.-; 2.4.2.-	
Q7Z4J2	GLT6D1	Putative glycosyltransferase 6 domain-containing protein 1 (EC 2.4.1.-) (Galactosyltransferase family 6 domain-containing 1)	2.4.1.-	GT6;
Q7Z4T8	GALNTL5	Inactive polypeptide N-acetylgalactosaminyltransferase-like protein 5 (Polypeptide GalNAc transferase 15) (GalNAc-T15) (pp-GaNTase 15) (Protein-UDP acetylgalactosaminyltransferase 15) (UDP-GalNAc:polypeptide N-acetylgalactosaminyltransferase 15)		GT27;
Q7Z7M8	B3GNT8	UDP-GlcNAc:betaGal beta-1,3-N-acetylglucosaminyltransferase 8 (BGnT-8) (Beta-1,3-Gn-T8) (Beta-1,3-N-acetylglucosaminyltransferase 8) (Beta3Gn-T8) (EC 2.4.1.-)	2.4.1.-	GT31;
Q7Z7M9	GALNT5	Polypeptide N-acetylgalactosaminyltransferase 5 (EC 2.4.1.41) (Polypeptide GalNAc transferase 5) (GalNAc-T5) (pp-GaNTase 5) (Protein-UDP acetylgalactosaminyltransferase 5) (UDP-GalNAc:polypeptide N-acetylgalactosaminyltransferase 5)	2.4.1.41	CBM13;GT27;
Q86SF2	GALNT7	N-acetylgalactosaminyltransferase 7 (EC 2.4.1.41) (Polypeptide GalNAc transferase 7) (GalNAc-T7) (pp-GaNTase 7) (Protein-UDP acetylgalactosaminyltransferase 7) (UDP-GalNAc:polypeptide N-acetylgalactosaminyltransferase 7)	2.4.1.41	CBM13;GT27;
Q86SR1	GALNT10	Polypeptide N-acetylgalactosaminyltransferase 10 (EC 2.4.1.41) (Polypeptide GalNAc transferase 10) (GalNAc-T10) (pp-GaNTase 10) (Protein-UDP acetylgalactosaminyltransferase 10) (UDP-GalNAc:polypeptide N-acetylgalactosaminyltransferase 10)	2.4.1.41	CBM13;GT27;
Q86TN4	TRPT1	tRNA 2'-phosphotransferase 1 (EC 2.7.1.160)	2.7.1.160	
Q86VD9	PIGZ	GPI mannosyltransferase 4 (EC 2.4.1.-) (GPI mannosyltransferase IV) (GPI-MT-IV) (Phosphatidylinositol-glycan biosynthesis class Z protein) (PIG-Z) (SMP3 homolog) (hSMP3)	2.4.1.-	GT22;
Q86X52	CHSY1	Chondroitin sulfate synthase 1 (EC 2.4.1.175) (EC 2.4.1.226) (Chondroitin glucuronyltransferase 1) (Chondroitin synthase 1) (ChSy-1) (Glucuronosyl-N-acetylgalactosaminyl-proteoglycan 4-beta-N-acetylgalactosaminyltransferase 1) (N-acetylgalactosaminyl-proteoglycan 3-beta-glucuronosyltransferase 1) (N-acetylgalactosaminyltransferase 1)	2.4.1.175; 2.4.1.226	GT31;GT7;
Q86Y38	XYLT1	Xylosyltransferase 1 (EC 2.4.2.26) (Peptide O-xylosyltransferase 1) (Xylosyltransferase I) (XT-I) (XylT-I)	2.4.2.26	GT14;
Q8IUC8	GALNT13	Polypeptide N-acetylgalactosaminyltransferase 13 (EC 2.4.1.41) (Polypeptide GalNAc transferase 13) (GalNAc-T13) (pp-GaNTase 13) (Protein-UDP acetylgalactosaminyltransferase 13) (UDP-GalNAc:polypeptide N-acetylgalactosaminyltransferase 13)	2.4.1.41	CBM13;GT27;
Q8IUR5	TMTC1	Protein O-mannosyl-transferase TMTC1 (EC 2.4.1.109) (Transmembrane and TPR repeat-containing protein 1)	2.4.1.109	
Q8IV20	LACC1	Purine nucleoside phosphorylase LACC1 (EC 2.4.2.1) (Adenosine deaminase LACC1) (EC 3.5.4.4) (Fatty acid metabolism-immunity nexus) (Guanosine phosphorylase LACC1) (Laccase domain-containing protein 1) (S-methyl-5'-thioadenosine phosphorylase LACC1) (EC 2.4.2.28)	2.4.2.1; 3.5.4.4; 2.4.2.28	
Q8IXJ6	SIRT2	NAD-dependent protein deacetylase sirtuin-2 (EC 2.3.1.286) (Regulatory protein SIR2 homolog 2) (SIR2-like protein 2)	2.3.1.286	
Q8IXK2	GALNT12	Polypeptide N-acetylgalactosaminyltransferase 12 (EC 2.4.1.41) (Polypeptide GalNAc transferase 12) (GalNAc-T12) (pp-GaNTase 12) (Protein-UDP acetylgalactosaminyltransferase 12) (UDP-GalNAc:polypeptide N-acetylgalactosaminyltransferase 12)	2.4.1.41	CBM13;GT27;
Q8IXQ6	PARP9	Protein mono-ADP-ribosyltransferase PARP9 (EC 2.4.2.-) (ADP-ribosyltransferase diphtheria toxin-like 9) (ARTD9) (B aggressive lymphoma protein) (Poly [ADP-ribose] polymerase 9) (PARP-9)	2.4.2.-	
Q8IYK4	COLGALT2	Procollagen galactosyltransferase 2 (EC 2.4.1.50) (Collagen beta(1-O)galactosyltransferase 2) (ColGalT 2) (Glycosyltransferase 25 family member 2) (Hydroxylysine galactosyltransferase 2)	2.4.1.50	GT25;
Q8IZ52	CHPF	Chondroitin sulfate synthase 2 (EC 2.4.1.175) (EC 2.4.1.226) (Chondroitin glucuronyltransferase 2) (Chondroitin-polymerizing factor) (ChPF) (Glucuronosyl-N-acetylgalactosaminyl-proteoglycan 4-beta-N-acetylgalactosaminyltransferase II) (N-acetylgalactosaminyl-proteoglycan 3-beta-glucuronosyltransferase II) (N-acetylgalactosaminyltransferase 2)	2.4.1.175; 2.4.1.226	GT31;GT7;
Q8N0V5	GCNT2	N-acetyllactosaminide beta-1,6-N-acetylglucosaminyl-transferase (N-acetylglucosaminyltransferase) (EC 2.4.1.150) (I-branching enzyme) (IGNT)	2.4.1.150	GT14;
Q8N394	TMTC2	Protein O-mannosyl-transferase TMTC2 (EC 2.4.1.109) (Transmembrane and TPR repeat-containing protein 2)	2.4.1.109	
Q8N3A8	PARP8	Protein mono-ADP-ribosyltransferase PARP8 (EC 2.4.2.-) (ADP-ribosyltransferase diphtheria toxin-like 16) (ARTD16) (Poly [ADP-ribose] polymerase 8) (PARP-8)	2.4.2.-	
Q8N3T1	GALNT15	Polypeptide N-acetylgalactosaminyltransferase 15 (EC 2.4.1.41) (Polypeptide GalNAc transferase-like protein 2) (GalNAc-T-like protein 2) (pp-GaNTase-like protein 2) (Polypeptide N-acetylgalactosaminyltransferase-like protein 2) (Protein-UDP acetylgalactosaminyltransferase-like protein 2) (UDP-GalNAc:polypeptide N-acetylgalactosaminyltransferase-like protein 2)	2.4.1.41	CBM13;GT27;
Q8N3Y3	LARGE2	LARGE xylosyl- and glucuronyltransferase 2 (EC 2.4.-.-) (Glycosyltransferase-like 1B) [Includes: Xylosyltransferase LARGE2 (EC 2.4.2.-); Beta-1,3-glucuronyltransferase LARGE2 (EC 2.4.1.-)]	2.4.-.-; 2.4.2.-; 2.4.1.-	GT49;GT8;
Q8N428	GALNT16	Polypeptide N-acetylgalactosaminyltransferase 16 (EC 2.4.1.41) (Polypeptide GalNAc transferase 16) (GalNAc-T16) (Polypeptide GalNAc transferase-like protein 1) (GalNAc-T-like protein 1) (pp-GaNTase-like protein 1) (Polypeptide N-acetylgalactosaminyltransferase-like protein 1) (Protein-UDP acetylgalactosaminyltransferase-like protein 1) (UDP-GalNAc:polypeptide N-acetylgalactosaminyltransferase-like protein 1)	2.4.1.41	CBM13;GT27;
Q8N4A0	GALNT4	Polypeptide N-acetylgalactosaminyltransferase 4 (EC 2.4.1.41) (Polypeptide GalNAc transferase 4) (GalNAc-T4) (pp-GaNTase 4) (Protein-UDP acetylgalactosaminyltransferase 4) (UDP-GalNAc:polypeptide N-acetylgalactosaminyltransferase 4)	2.4.1.41	CBM13;GT27;
Q8N5D6	GBGT1	Globoside alpha-1,3-N-acetylgalactosaminyltransferase 1 (EC 2.4.1.-) (Forssman glycolipid synthase-like protein)	2.4.1.-	GT6;
Q9C0J1	B3GNT4	N-acetyllactosaminide beta-1,3-N-acetylglucosaminyltransferase 4 (EC 2.4.1.149) (UDP-GlcNAc:betaGal beta-1,3-N-acetylglucosaminyltransferase 4) (BGnT-4) (Beta-1,3-Gn-T4) (Beta-1,3-N-acetylglucosaminyltransferase 4) (Beta3Gn-T4)	2.4.1.149	GT31;
Q8N5Y8	PARP16	Protein mono-ADP-ribosyltransferase PARP16 (EC 2.4.2.-) (ADP-ribosyltransferase diphtheria toxin-like 15) (Poly [ADP-ribose] polymerase 16) (PARP-16)	2.4.2.-	
Q8N6G5	CSGALNACT2	Chondroitin sulfate N-acetylgalactosaminyltransferase 2 (EC 2.4.1.174) (Chondroitin beta-1,4-N-acetylgalactosaminyltransferase 2) (Beta4GalNAcT-2) (GalNAcT-2)	2.4.1.174	GT7;
Q8N6T7	SIRT6	NAD-dependent protein deacetylase sirtuin-6 (EC 2.3.1.286) (Regulatory protein SIR2 homolog 6) (SIR2-like protein 6)	2.3.1.286	
Q8NAT1	POMGNT2	Protein O-linked-mannose beta-1,4-N-acetylglucosaminyltransferase 2 (POMGnT2) (EC 2.4.1.312) (Extracellular O-linked N-acetylglucosamine transferase-like) (Glycosyltransferase-like domain-containing protein 2)	2.4.1.312	GT61;
Q8NBI6	XXYLT1	Xyloside xylosyltransferase 1 (EC 2.4.2.62) (UDP-xylose:alpha-xyloside alpha-1,3-xylosyltransferase)	2.4.2.62	GT8;
Q8NBJ5	COLGALT1	Procollagen galactosyltransferase 1 (EC 2.4.1.50) (Collagen beta(1-O)galactosyltransferase 1) (ColGalT 1) (Glycosyltransferase 25 family member 1) (Hydroxylysine galactosyltransferase 1)	2.4.1.50	GT25;
Q8NBL1	POGLUT1	Protein O-glucosyltransferase 1 (EC 2.4.1.376) (CAP10-like 46 kDa protein) (hCLP46) (KTEL motif-containing protein 1) (Myelodysplastic syndromes relative protein) (O-glucosyltransferase Rumi homolog) (hRumi) (Protein O-xylosyltransferase POGLUT1) (EC 2.4.2.63)	2.4.1.376; 2.4.2.63	GT90;
Q8NCL4	GALNT6	Polypeptide N-acetylgalactosaminyltransferase 6 (EC 2.4.1.41) (Polypeptide GalNAc transferase 6) (GalNAc-T6) (pp-GaNTase 6) (Protein-UDP acetylgalactosaminyltransferase 6) (UDP-GalNAc:polypeptide N-acetylgalactosaminyltransferase 6)	2.4.1.41	CBM13;GT27;
Q8NCR0	B3GALNT2	UDP-GalNAc:beta-1,3-N-acetylgalactosaminyltransferase 2 (Beta-1,3-GalNAc-T2) (EC 2.4.1.313) (Beta-1,3-N-acetylgalactosaminyltransferase II)	2.4.1.313	GT31;
Q8NCW6	GALNT11	Polypeptide N-acetylgalactosaminyltransferase 11 (EC 2.4.1.41) (Polypeptide GalNAc transferase 11) (GalNAc-T11) (pp-GaNTase 11) (Protein-UDP acetylgalactosaminyltransferase 11) (UDP-GalNAc:polypeptide N-acetylgalactosaminyltransferase 11)	2.4.1.41	CBM13;GT27;
Q8NDV1	ST6GALNAC3	Alpha-N-acetylgalactosaminide alpha-2,6-sialyltransferase 3 (EC 2.4.99.7) (GalNAc alpha-2,6-sialyltransferase III) (ST6GalNAc III) (ST6GalNAcIII) (STY) (Sialyltransferase 7C) (SIAT7-C)	2.4.99.7	GT29;
Q8NES3	LFNG	Beta-1,3-N-acetylglucosaminyltransferase lunatic fringe (EC 2.4.1.222) (O-fucosylpeptide 3-beta-N-acetylglucosaminyltransferase)	2.4.1.222	GT31;
Q8NFL0	B3GNT7	UDP-GlcNAc:betaGal beta-1,3-N-acetylglucosaminyltransferase 7 (BGnT-7) (Beta-1,3-Gn-T7) (Beta-1,3-N-acetylglucosaminyltransferase 7) (Beta3Gn-T7) (EC 2.4.1.-)	2.4.1.-	GT31;
Q8NHY0	B4GALNT2	Beta-1,4 N-acetylgalactosaminyltransferase 2 (EC 2.4.1.-) (Sd(a) beta-1,4-GalNAc transferase) (UDP-GalNAc:Neu5Aca2-3Galb-R b1,4-N-acetylgalactosaminyltransferase)	2.4.1.-	GT12;
Q8TCJ2	STT3B	Dolichyl-diphosphooligosaccharide--protein glycosyltransferase subunit STT3B (Oligosaccharyl transferase subunit STT3B) (STT3-B) (EC 2.4.99.18) (Source of immunodominant MHC-associated peptides homolog)	2.4.99.18	GT66;
Q6ZMB0	B3GNT6	Acetylgalactosaminyl-O-glycosyl-glycoprotein beta-1,3-N-acetylglucosaminyltransferase (EC 2.4.1.147) (Core 3 synthase) (UDP-GlcNAc:betaGal beta-1,3-N-acetylglucosaminyltransferase 6) (BGnT-6) (Beta-1,3-Gn-T6) (Beta-1,3-N-acetylglucosaminyltransferase 6) (Beta3Gn-T6)	2.4.1.147	GT31;
Q8TDX6	CSGALNACT1	Chondroitin sulfate N-acetylgalactosaminyltransferase 1 (CsGalNAcT-1) (EC 2.4.1.174) (Chondroitin beta-1,4-N-acetylgalactosaminyltransferase 1) (Beta4GalNAcT-1)	2.4.1.174	GT7;
Q8WZA1	POMGNT1	Protein O-linked-mannose beta-1,2-N-acetylglucosaminyltransferase 1 (POMGnT1) (EC 2.4.1.-) (UDP-GlcNAc:alpha-D-mannoside beta-1,2-N-acetylglucosaminyltransferase I.2) (GnT I.2)	2.4.1.-	GT13;
Q92185	ST8SIA1	Alpha-N-acetylneuraminide alpha-2,8-sialyltransferase (EC 2.4.99.8) (Alpha-2,8-sialyltransferase 8A) (Ganglioside GD3 synthase) (Ganglioside GT3 synthase) (Sialyltransferase 8A) (SIAT8-A) (Sialyltransferase St8Sia I) (ST8SiaI)	2.4.99.8	GT29;
Q92186	ST8SIA2	Alpha-2,8-sialyltransferase 8B (EC 2.4.99.-) (Sialyltransferase 8B) (SIAT8-B) (Sialyltransferase St8Sia II) (ST8SiaII) (Sialyltransferase X) (STX)	2.4.99.-	GT29;
Q92187	ST8SIA4	CMP-N-acetylneuraminate-poly-alpha-2,8-sialyltransferase (EC 2.4.99.-) (Alpha-2,8-sialyltransferase 8D) (Polysialyltransferase-1) (Sialyltransferase 8D) (SIAT8-D) (Sialyltransferase St8Sia IV) (ST8SiaIV)	2.4.99.-	GT29;
Q92521	PIGB	GPI mannosyltransferase 3 (EC 2.4.1.-) (GPI mannosyltransferase III) (GPI-MT-III) (Phosphatidylinositol-glycan biosynthesis class B protein) (PIG-B)	2.4.1.-	GT22;
Q92535	PIGC	Phosphatidylinositol N-acetylglucosaminyltransferase subunit C (EC 2.4.1.198) (Phosphatidylinositol-glycan biosynthesis class C protein) (PIG-C)	2.4.1.198	
Q92685	ALG3	Dol-P-Man:Man(5)GlcNAc(2)-PP-Dol alpha-1,3-mannosyltransferase (EC 2.4.1.258) (Asparagine-linked glycosylation protein 3 homolog) (Dol-P-Man-dependent alpha(1-3)-mannosyltransferase) (Dolichyl-P-Man:Man(5)GlcNAc(2)-PP-dolichyl mannosyltransferase) (Dolichyl-phosphate-mannose--glycolipid alpha-mannosyltransferase) (Not56-like protein)	2.4.1.258	GT58;
Q92819	HAS2	Hyaluronan synthase 2 (EC 2.4.1.212) (Hyaluronate synthase 2) (Hyaluronic acid synthase 2) (HA synthase 2)	2.4.1.212	GT2;
Q92839	HAS1	Hyaluronan synthase 1 (EC 2.4.1.212) (Hyaluronate synthase 1) (Hyaluronic acid synthase 1) (HA synthase 1) (HuHAS1)	2.4.1.212	GT2;
Q92935	EXTL1	Exostosin-like 1 (EC 2.4.1.224) (Exostosin-L) (Glucuronosyl-N-acetylglucosaminyl-proteoglycan 4-alpha-N-acetylglucosaminyltransferase) (Multiple exostosis-like protein)	2.4.1.224	GT47;GT64;
Q93063	EXT2	Exostosin-2 (EC 2.4.1.224) (EC 2.4.1.225) (Glucuronosyl-N-acetylglucosaminyl-proteoglycan/N-acetylglucosaminyl-proteoglycan 4-alpha-N-acetylglucosaminyltransferase) (Multiple exostoses protein 2) (Putative tumor suppressor protein EXT2)	2.4.1.224; 2.4.1.225	GT47;GT64;
Q93070	ART4	Ecto-ADP-ribosyltransferase 4 (EC 2.4.2.31) (ADP-ribosyltransferase C2 and C3 toxin-like 4) (ARTC4) (Dombrock blood group carrier molecule) (Mono(ADP-ribosyl)transferase 4) (NAD(P)(+)--arginine ADP-ribosyltransferase 4) (CD antigen CD297)	2.4.2.31	
Q969X2	ST6GALNAC6	Alpha-N-acetylgalactosaminide alpha-2,6-sialyltransferase 6 (EC 2.4.99.-) (GalNAc alpha-2,6-sialyltransferase VI) (ST6GalNAc VI) (ST6GalNAcVI) (hST6GalNAc VI) (Sialyltransferase 7F) (SIAT7-F)	2.4.99.-	GT29;
Q96EU7	C1GALT1C1	C1GALT1-specific chaperone 1 (C38H2-like protein 1) (C38H2-L1) (Core 1 beta1,3-galactosyltransferase 2) (C1Gal-T2) (C1GalT2) (Core 1 beta3-Gal-T2) (Core 1 beta3-galactosyltransferase-specific molecular chaperone)		GT31;
Q96F25	ALG14	UDP-N-acetylglucosamine transferase subunit ALG14 homolog		GT1;
Q96FL9	GALNT14	Polypeptide N-acetylgalactosaminyltransferase 14 (EC 2.4.1.41) (Polypeptide GalNAc transferase 14) (GalNAc-T14) (pp-GaNTase 14) (Protein-UDP acetylgalactosaminyltransferase 14) (UDP-GalNAc:polypeptide N-acetylgalactosaminyltransferase 14)	2.4.1.41	CBM13;GT27;
Q9UQ53	MGAT4B	Alpha-1,3-mannosyl-glycoprotein 4-beta-N-acetylglucosaminyltransferase B (EC 2.4.1.145) (N-glycosyl-oligosaccharide-glycoprotein N-acetylglucosaminyltransferase IVb) (GlcNAc-T IVb) (GnT-IVb) (N-acetylglucosaminyltransferase IVb) (UDP-N-acetylglucosamine: alpha-1,3-D-mannoside beta-1,4-N-acetylglucosaminyltransferase IVb)	2.4.1.145	GT54;
Q96JF0	ST6GAL2	Beta-galactoside alpha-2,6-sialyltransferase 2 (Alpha 2,6-ST 2) (EC 2.4.99.1) (CMP-N-acetylneuraminate-beta-galactosamide-alpha-2,6-sialyltransferase 2) (ST6Gal II) (ST6GalII) (hST6Gal II) (Sialyltransferase 2)	2.4.99.1	GT29;
Q96JF0	ST6GAL2	Beta-galactoside alpha-2,6-sialyltransferase 2 (Alpha 2,6-ST 2) (EC 2.4.99.1) (CMP-N-acetylneuraminate-beta-galactosamide-alpha-2,6-sialyltransferase 2) (ST6Gal II) (ST6GalII) (hST6Gal II) (Sialyltransferase 2)	2.4.99.1	GT29;
Q96L15	ART5	Ecto-ADP-ribosyltransferase 5 (EC 2.4.2.31) (ADP-ribosyltransferase C2 and C3 toxin-like 5) (ARTC5) (Mono(ADP-ribosyl)transferase 5) (NAD(P)(+)--arginine ADP-ribosyltransferase 5)	2.4.2.31	
Q96L58	B3GALT6	Beta-1,3-galactosyltransferase 6 (Beta-1,3-GalTase 6) (Beta3Gal-T6) (Beta3GalT6) (EC 2.4.1.134) (GAG GalTII) (Galactosyltransferase II) (Galactosylxylosylprotein 3-beta-galactosyltransferase) (UDP-Gal:betaGal beta 1,3-galactosyltransferase polypeptide 6)	2.4.1.134	GT31;
Q96MS3	GLT1D1	Glycosyltransferase 1 domain-containing protein 1 (EC 2.4.-.-)	2.4.-.-	GT4;
Q9BRB3	PIGQ	Phosphatidylinositol N-acetylglucosaminyltransferase subunit Q (EC 2.4.1.198) (N-acetylglucosamyl transferase component GPI1) (Phosphatidylinositol-glycan biosynthesis class Q protein) (PIG-Q)	2.4.1.198	
Q9BT22	ALG1	Chitobiosyldiphosphodolichol beta-mannosyltransferase (EC 2.4.1.142) (Asparagine-linked glycosylation protein 1 homolog) (Beta-1,4-mannosyltransferase) (GDP-Man:GlcNAc2-PP-dolichol mannosyltransferase) (GDP-mannose-dolichol diphosphochitobiose mannosyltransferase) (Mannosyltransferase-1) (MT-1) (hMat-1)	2.4.1.142	GT33;
Q9BV10	ALG12	Dol-P-Man:Man(7)GlcNAc(2)-PP-Dol alpha-1,6-mannosyltransferase (EC 2.4.1.260) (Asparagine-linked glycosylation protein 12 homolog) (hALG12) (Dolichyl-P-Man:Man(7)GlcNAc(2)-PP-dolichyl-alpha-1,6-mannosyltransferase) (Mannosyltransferase ALG12 homolog) (Membrane protein SB87)	2.4.1.260	GT22;
Q9BVH7	ST6GALNAC5	Alpha-N-acetylgalactosaminide alpha-2,6-sialyltransferase 5 (EC 2.4.99.-) (GD1 alpha synthase) (GalNAc alpha-2,6-sialyltransferase V) (ST6GalNAc V) (ST6GalNAcV) (Sialyltransferase 7E) (SIAT7-E)	2.4.99.-	GT29;
Q9BVK2	ALG8	Probable dolichyl pyrophosphate Glc1Man9GlcNAc2 alpha-1,3-glucosyltransferase (EC 2.4.1.265) (Asparagine-linked glycosylation protein 8 homolog) (Dol-P-Glc:Glc(1)Man(9)GlcNAc(2)-PP-dolichyl alpha-1,3-glucosyltransferase) (Dolichyl-P-Glc:Glc1Man9GlcNAc2-PP-dolichyl glucosyltransferase)	2.4.1.265	GT57;
Q9BXR0	QTRT1	Queuine tRNA-ribosyltransferase catalytic subunit 1 (EC 2.4.2.29) (Guanine insertion enzyme) (tRNA-guanine transglycosylase)	2.4.2.29	
Q9BY64	UGT2B28	UDP-glucuronosyltransferase 2B28 (UDPGT 2B28) (UGT2B28) (EC 2.4.1.17)	2.4.1.17	GT1;
Q9BYC5	FUT8	Alpha-(1,6)-fucosyltransferase (Alpha1-6FucT) (EC 2.4.1.68) (Fucosyltransferase 8) (GDP-L-Fuc:N-acetyl-beta-D-glucosaminide alpha1,6-fucosyltransferase) (GDP-fucose--glycoprotein fucosyltransferase) (Glycoprotein 6-alpha-L-fucosyltransferase)	2.4.1.68	GT23;
Q9BYG0	B3GNT5	Lactosylceramide 1,3-N-acetyl-beta-D-glucosaminyltransferase (EC 2.4.1.206) (Lactotriaosylceramide synthase) (Lc(3)Cer synthase) (Lc3 synthase) (UDP-GlcNAc:beta-Gal beta-1,3-N-acetylglucosaminyltransferase 5) (BGnT-5) (Beta-1,3-Gn-T5) (Beta-1,3-N-acetylglucosaminyltransferase 5) (Beta3Gn-T5)	2.4.1.206	GT31;
Q9C0J1	B3GNT4	N-acetyllactosaminide beta-1,3-N-acetylglucosaminyltransferase 4 (EC 2.4.1.149) (UDP-GlcNAc:betaGal beta-1,3-N-acetylglucosaminyltransferase 4) (BGnT-4) (Beta-1,3-Gn-T4) (Beta-1,3-N-acetylglucosaminyltransferase 4) (Beta3Gn-T4)	2.4.1.149	GT31;
Q9H0J9	PARP12	Protein mono-ADP-ribosyltransferase PARP12 (EC 2.4.2.-) (ADP-ribosyltransferase diphtheria toxin-like 12) (ARTD12) (Poly [ADP-ribose] polymerase 12) (PARP-12) (Zinc finger CCCH domain-containing protein 1)	2.4.2.-	
Q9H1B5	XYLT2	Xylosyltransferase 2 (EC 2.4.2.26) (Peptide O-xylosyltransferase 1) (Xylosyltransferase II) (XT-II) (XylT-II)	2.4.2.26	GT14;
Q9H1C3	GLT8D2	Glycosyltransferase 8 domain-containing protein 2 (EC 2.4.1.-)	2.4.1.-	GT8;
Q9H2K2	TNKS2	Poly [ADP-ribose] polymerase tankyrase-2 (EC 2.4.2.30) (ADP-ribosyltransferase diphtheria toxin-like 6) (ARTD6) (Poly [ADP-ribose] polymerase 5B) (Protein poly-ADP-ribosyltransferase tankyrase-2) (EC 2.4.2.-) (TNKS-2) (TRF1-interacting ankyrin-related ADP-ribose polymerase 2) (Tankyrase II) (Tankyrase-2) (TANK2) (Tankyrase-like protein) (Tankyrase-related protein)	2.4.2.30; 2.4.2.-	
Q9H3H5	DPAGT1	UDP-N-acetylglucosamine--dolichyl-phosphate N-acetylglucosaminephosphotransferase (EC 2.7.8.15) (GlcNAc-1-P transferase) (G1PT) (GPT) (N-acetylglucosamine-1-phosphate transferase)	2.7.8.15	
Q9H3S5	PIGM	GPI mannosyltransferase 1 (EC 2.4.1.-) (GPI mannosyltransferase I) (GPI-MT-I) (Phosphatidylinositol-glycan biosynthesis class M protein) (PIG-M)	2.4.1.-	GT50;
Q9H488	POFUT1	GDP-fucose protein O-fucosyltransferase 1 (EC 2.4.1.221) (Peptide-O-fucosyltransferase 1) (O-FucT-1)	2.4.1.221	GT65;
Q9H4F1	ST6GALNAC4	Alpha-N-acetyl-neuraminyl-2,3-beta-galactosyl-1,3-N-acetyl-galactosaminide alpha-2,6-sialyltransferase (EC 2.4.99.7) (NeuAc-alpha-2,3-Gal-beta-1,3-GalNAc-alpha-2,6-sialyltransferase) (ST6GalNAc IV) (ST6GalNAcIV) (Sialyltransferase 3C) (SIAT3-C) (Sialyltransferase 7D) (SIAT7-D)	2.4.99.7	GT29;
Q9H553	ALG2	Alpha-1,3/1,6-mannosyltransferase ALG2 (EC 2.4.1.132) (EC 2.4.1.257) (Asparagine-linked glycosylation protein 2 homolog) (GDP-Man:Man(1)GlcNAc(2)-PP-Dol alpha-1,3-mannosyltransferase) (GDP-Man:Man(1)GlcNAc(2)-PP-dolichol mannosyltransferase) (GDP-Man:Man(2)GlcNAc(2)-PP-Dol alpha-1,6-mannosyltransferase)	2.4.1.132; 2.4.1.257	GT4;
Q9H6U8	ALG9	Alpha-1,2-mannosyltransferase ALG9 (EC 2.4.1.259) (EC 2.4.1.261) (Asparagine-linked glycosylation protein 9 homolog) (Disrupted in bipolar disorder protein 1) (Dol-P-Man:Man(6)GlcNAc(2)-PP-Dol alpha-1,2-mannosyltransferase) (Dol-P-Man:Man(8)GlcNAc(2)-PP-Dol alpha-1,2-mannosyltransferase)	2.4.1.259; 2.4.1.261	GT22;
Q9H974	QTRT2	Queuine tRNA-ribosyltransferase accessory subunit 2 (Queuine tRNA-ribosyltransferase domain-containing protein 1)		
Q9HAW7	UGT1A7	UDP-glucuronosyltransferase 1A7 (UGT1A7) (EC 2.4.1.17) (UDP-glucuronosyltransferase 1-7) (UDPGT 1-7) (UGT1*7) (UGT1-07) (UGT1.7) (UDP-glucuronosyltransferase 1-G) (UGT-1G) (UGT1G)	2.4.1.17	GT1;
Q9HAW8	UGT1A10	UDP-glucuronosyltransferase 1A10 (UGT1A10) (EC 2.4.1.17) (UDP-glucuronosyltransferase 1-10) (UDPGT 1-10) (UGT1*10) (UGT1-10) (UGT1.10) (UDP-glucuronosyltransferase 1-J) (UGT-1J) (UGT1J)	2.4.1.17	GT1;
Q9HAW9	UGT1A8	UDP-glucuronosyltransferase 1A8 (UGT1A8) (EC 2.4.1.17) (UDP-glucuronosyltransferase 1-8) (UDPGT 1-8) (UGT1*8) (UGT1-08) (UGT1.8) (UDP-glucuronosyltransferase 1-H) (UGT-1H) (UGT1H)	2.4.1.17	GT1;
Q9HCG7	GBA2	Non-lysosomal glucosylceramidase (NLGase) (EC 3.2.1.45) (Beta-glucocerebrosidase 2) (Beta-glucosidase 2) (Bile acid beta-glucosidase GBA2) (Bile acid glucosyl transferase GBA2) (Cholesterol glucosyltransferase GBA2) (EC 2.4.1.-) (Cholesteryl-beta-glucosidase GBA2) (EC 3.2.1.-) (Glucosylceramidase 2)	3.2.1.45; 2.4.1.-; 3.2.1.-	GH116;
Q9HCN8	SDF2L1	Stromal cell-derived factor 2-like protein 1 (SDF2-like protein 1) (PWP1-interacting protein 8)		
Q9HCQ5	GALNT9	Polypeptide N-acetylgalactosaminyltransferase 9 (EC 2.4.1.41) (Polypeptide GalNAc transferase 9) (GalNAc-T9) (pp-GaNTase 9) (Protein-UDP acetylgalactosaminyltransferase 9) (UDP-GalNAc:polypeptide N-acetylgalactosaminyltransferase 9)	2.4.1.41	CBM13;GT27;
Q9NP73	ALG13	Putative bifunctional UDP-N-acetylglucosamine transferase and deubiquitinase ALG13 (EC 2.4.1.141) (EC 3.4.19.12) (Asparagine-linked glycosylation 13 homolog) (Glycosyltransferase 28 domain-containing protein 1) (UDP-N-acetylglucosamine transferase subunit ALG13 homolog)	2.4.1.141; 3.4.19.12	GT1;
Q9NPC4	A4GALT	Lactosylceramide 4-alpha-galactosyltransferase (EC 2.4.1.228) (Alpha-1,4-N-acetylglucosaminyltransferase) (Alpha-1,4-galactosyltransferase) (Alpha4Gal-T1) (CD77 synthase) (Globotriaosylceramide synthase) (Gb3 synthase) (P1/Pk synthase) (UDP-galactose:beta-D-galactosyl-beta1-R 4-alpha-D-galactosyltransferase)	2.4.1.228	GT32;
Q9NPZ5	B3GAT2	Galactosylgalactosylxylosylprotein 3-beta-glucuronosyltransferase 2 (EC 2.4.1.135) (Beta-1,3-glucuronyltransferase 2) (GlcAT-D) (UDP-glucuronosyltransferase S) (GlcAT-S) (Glucuronosyltransferase S)	2.4.1.135	GT43;
Q9NR21	PARP11	Protein mono-ADP-ribosyltransferase PARP11 (EC 2.4.2.-) (ADP-ribosyltransferase diphtheria toxin-like 11) (ARTD11) (Poly [ADP-ribose] polymerase 11) (PARP-11)	2.4.2.-	
Q9NS00	C1GALT1	Glycoprotein-N-acetylgalactosamine 3-beta-galactosyltransferase 1 (EC 2.4.1.122) (B3Gal-T8) (Core 1 O-glycan T-synthase) (Core 1 UDP-galactose:N-acetylgalactosamine-alpha-R beta 1,3-galactosyltransferase 1) (Beta-1,3-galactosyltransferase) (Core 1 beta1,3-galactosyltransferase 1) (C1GalT1) (Core 1 beta3-Gal-T1)	2.4.1.122	GT31;
Q9NSC7	ST6GALNAC1	Alpha-N-acetylgalactosaminide alpha-2,6-sialyltransferase 1 (EC 2.4.99.3) (GalNAc alpha-2,6-sialyltransferase I) (ST6GalNAc I) (ST6GalNAcI) (Sialyltransferase 7A) (SIAT7-A)	2.4.99.3	GT29;
Q9NTG7	SIRT3	NAD-dependent protein deacetylase sirtuin-3, mitochondrial (hSIRT3) (EC 2.3.1.286) (Regulatory protein SIR2 homolog 3) (SIR2-like protein 3)	2.3.1.286	
Q9NUD9	PIGV	GPI mannosyltransferase 2 (EC 2.4.1.-) (GPI mannosyltransferase II) (GPI-MT-II) (Phosphatidylinositol-glycan biosynthesis class V protein) (PIG-V)	2.4.1.-	GT76;
Q9NXA8	SIRT5	NAD-dependent protein deacylase sirtuin-5, mitochondrial (EC 2.3.1.-) (Regulatory protein SIR2 homolog 5) (SIR2-like protein 5)	2.3.1.-	
Q9NY28	GALNT8	Probable polypeptide N-acetylgalactosaminyltransferase 8 (EC 2.4.1.41) (Polypeptide GalNAc transferase 8) (GalNAc-T8) (pp-GaNTase 8) (Protein-UDP acetylgalactosaminyltransferase 8) (UDP-GalNAc:polypeptide N-acetylgalactosaminyltransferase 8)	2.4.1.41	CBM13;GT27;
Q9NY97	B3GNT2	N-acetyllactosaminide beta-1,3-N-acetylglucosaminyltransferase 2 (EC 2.4.1.149) (Beta-1,3-N-acetylglucosaminyltransferase 1) (BGnT-1) (Beta-1,3-Gn-T1) (Beta3Gn-T1) (Beta-1,3-galactosyltransferase 7) (Beta-1,3-GalTase 7) (Beta3Gal-T7) (Beta3GalT7) (b3Gal-T7) (Beta-3-Gx-T7) (UDP-Gal:beta-GlcNAc beta-1,3-galactosyltransferase 7) (UDP-GlcNAc:betaGal beta-1,3-N-acetylglucosaminyltransferase 2) (BGnT-2) (Beta-1,3-Gn-T2) (Beta-1,3-N-acetylglucosaminyltransferase 2) (Beta3Gn-T2) (UDP-galactose:beta-N-acetylglucosamine beta-1,3-galactosyltransferase 7)	2.4.1.149	GT31;
Q9NYU1	UGGT2	UDP-glucose:glycoprotein glucosyltransferase 2 (UGT2) (hUGT2) (EC 2.4.1.-) (UDP--Glc:glycoprotein glucosyltransferase 2) (UDP-glucose ceramide glucosyltransferase-like 1)	2.4.1.-	GT24;
Q9NYU2	UGGT1	UDP-glucose:glycoprotein glucosyltransferase 1 (UGT1) (hUGT1) (EC 2.4.1.-) (UDP--Glc:glycoprotein glucosyltransferase) (UDP-glucose ceramide glucosyltransferase-like 1)	2.4.1.-	GT24;
Q9P109	GCNT4	Beta-1,3-galactosyl-O-glycosyl-glycoprotein beta-1,6-N-acetylglucosaminyltransferase 4 (EC 2.4.1.102) (Core 2-branching enzyme 3) (Core2-GlcNAc-transferase 3) (C2GnT3)	2.4.1.102	GT14;
Q9P2E5	CHPF2	Chondroitin sulfate glucuronyltransferase (EC 2.4.1.226) (CSGlcA-T) (Chondroitin glucuronyltransferase) (Chondroitin polymerizing factor 2) (ChPF-2) (Chondroitin synthase 3) (ChSy-3) (N-acetylgalactosaminyl-proteoglycan 3-beta-glucuronosyltransferase)	2.4.1.226	
Q9P2W7	B3GAT1	Galactosylgalactosylxylosylprotein 3-beta-glucuronosyltransferase 1 (EC 2.4.1.135) (Beta-1,3-glucuronyltransferase 1) (Glucuronosyltransferase P) (GlcAT-P) (UDP-GlcUA:glycoprotein beta-1,3-glucuronyltransferase) (GlcUAT-P)	2.4.1.135	GT43;
Q9UBM8	MGAT4C	Alpha-1,3-mannosyl-glycoprotein 4-beta-N-acetylglucosaminyltransferase C (EC 2.4.1.145) (N-acetylglucosaminyltransferase IV homolog) (hGnT-IV-H) (N-glycosyl-oligosaccharide-glycoprotein N-acetylglucosaminyltransferase IVc) (GlcNAc-T IVc) (GnT-IVc) (N-acetylglucosaminyltransferase IVc) (UDP-N-acetylglucosamine: alpha-1,3-D-mannoside beta-1,4-N-acetylglucosaminyltransferase IVc)	2.4.1.145	GT54;
Q9UBQ6	EXTL2	Exostosin-like 2 (EC 2.4.1.223) (Alpha-1,4-N-acetylhexosaminyltransferase EXTL2) (Alpha-GalNAcT EXTL2) (EXT-related protein 2) (Glucuronyl-galactosyl-proteoglycan 4-alpha-N-acetylglucosaminyltransferase) [Cleaved into: Processed exostosin-like 2]	2.4.1.223	GT64;
Q9UBV7	B4GALT7	Beta-1,4-galactosyltransferase 7 (Beta-1,4-GalTase 7) (Beta4Gal-T7) (b4Gal-T7) (EC 2.4.1.-) (Proteoglycan UDP-galactose:beta-xylose beta1,4-galactosyltransferase I) (UDP-Gal:beta-GlcNAc beta-1,4-galactosyltransferase 7) (UDP-galactose:beta-N-acetylglucosamine beta-1,4-galactosyltransferase 7) (UDP-galactose:beta-xylose beta-1,4-galactosyltransferase) (XGPT) (XGalT-1) (Xylosylprotein 4-beta-galactosyltransferase) (EC 2.4.1.133) (Xylosylprotein beta-1,4-galactosyltransferase)	2.4.1.-; 2.4.1.133	GT7;
Q9UBX8	B4GALT6	Beta-1,4-galactosyltransferase 6 (Beta-1,4-GalTase 6) (Beta4Gal-T6) (b4Gal-T6) (EC 2.4.1.-) (Glucosylceramide beta-1,4-galactosyltransferase) (EC 2.4.1.274) (Lactosylceramide synthase) (LacCer synthase) (UDP-Gal:beta-GlcNAc beta-1,4-galactosyltransferase 6) (UDP-Gal:glucosylceramide beta-1,4-galactosyltransferase) (UDP-galactose:beta-N-acetylglucosamine beta-1,4-galactosyltransferase 6)	2.4.1.-; 2.4.1.274	GT7;
Q9UGN5	PARP2	Poly [ADP-ribose] polymerase 2 (PARP-2) (hPARP-2) (EC 2.4.2.30) (ADP-ribosyltransferase diphtheria toxin-like 2) (ARTD2) (DNA ADP-ribosyltransferase PARP2) (EC 2.4.2.-) (NAD(+) ADP-ribosyltransferase 2) (ADPRT-2) (Poly[ADP-ribose] synthase 2) (pADPRT-2) (Protein poly-ADP-ribosyltransferase PARP2) (EC 2.4.2.-)	2.4.2.30; 2.4.2.-	
Q9UJ37	ST6GALNAC2	Alpha-N-acetylgalactosaminide alpha-2,6-sialyltransferase 2 (EC 2.4.99.3) (GalNAc alpha-2,6-sialyltransferase II) (ST6GalNAc II) (ST6GalNAcII) (SThM) (Sialyltransferase 7B) (SIAT7-B)	2.4.99.3	GT29;
Q9UKK3	PARP4	Protein mono-ADP-ribosyltransferase PARP4 (EC 2.4.2.-) (193 kDa vault protein) (ADP-ribosyltransferase diphtheria toxin-like 4) (ARTD4) (PARP-related/IalphaI-related H5/proline-rich) (PH5P) (Poly [ADP-ribose] polymerase 4) (PARP-4) (Vault poly(ADP-ribose) polymerase) (VPARP)	2.4.2.-	
Q9UKY4	POMT2	Protein O-mannosyl-transferase 2 (EC 2.4.1.109) (Dolichyl-phosphate-mannose--protein mannosyltransferase 2)	2.4.1.109	GT39;
Q969X2	ST6GALNAC6	Alpha-N-acetylgalactosaminide alpha-2,6-sialyltransferase 6 (EC 2.4.99.-) (GalNAc alpha-2,6-sialyltransferase VI) (ST6GalNAc VI) (ST6GalNAcVI) (hST6GalNAc VI) (Sialyltransferase 7F) (SIAT7-F)	2.4.99.-	GT29;
Q9UM21	MGAT4A	Alpha-1,3-mannosyl-glycoprotein 4-beta-N-acetylglucosaminyltransferase A (EC 2.4.1.145) (N-glycosyl-oligosaccharide-glycoprotein N-acetylglucosaminyltransferase IVa) (GlcNAc-T IVa) (GnT-IVa) (N-acetylglucosaminyltransferase IVa) (UDP-N-acetylglucosamine: alpha-1,3-D-mannoside beta-1,4-N-acetylglucosaminyltransferase IVa) [Cleaved into: Alpha-1,3-mannosyl-glycoprotein 4-beta-N-acetylglucosaminyltransferase A soluble form]	2.4.1.145	GT54;
Q9UNA3	A4GNT	Alpha-1,4-N-acetylglucosaminyltransferase (Alpha4GnT) (EC 2.4.1.-)	2.4.1.-	GT32;
Q9UNP4	ST3GAL5	Lactosylceramide alpha-2,3-sialyltransferase (EC 2.4.99.9) (CMP-NeuAc:lactosylceramide alpha-2,3-sialyltransferase) (GM3 synthase) (Ganglioside GM3 synthase) (ST3Gal V) (ST3GalV) (Sialyltransferase 9)	2.4.99.9	GT29;
Q9UQ53	MGAT4B	Alpha-1,3-mannosyl-glycoprotein 4-beta-N-acetylglucosaminyltransferase B (EC 2.4.1.145) (N-glycosyl-oligosaccharide-glycoprotein N-acetylglucosaminyltransferase IVb) (GlcNAc-T IVb) (GnT-IVb) (N-acetylglucosaminyltransferase IVb) (UDP-N-acetylglucosamine: alpha-1,3-D-mannoside beta-1,4-N-acetylglucosaminyltransferase IVb)	2.4.1.145	GT54;
Q9Y231	FUT9	4-galactosyl-N-acetylglucosaminide 3-alpha-L-fucosyltransferase 9 (EC 2.4.1.152) (Fucosyltransferase 9) (Fucosyltransferase IX) (Fuc-TIX) (FucT-IX) (Galactoside 3-L-fucosyltransferase)	2.4.1.152	GT10;
Q9Y274	ST3GAL6	Type 2 lactosamine alpha-2,3-sialyltransferase (EC 2.4.99.-) (CMP-NeuAc:beta-galactoside alpha-2,3-sialyltransferase VI) (ST3Gal VI) (ST3GalVI) (Sialyltransferase 10)	2.4.99.-	GT29;
Q9Y2A9	B3GNT3	N-acetyllactosaminide beta-1,3-N-acetylglucosaminyltransferase 3 (EC 2.4.1.149) (Beta-1,3-galactosyl-O-glycosyl-glycoprotein beta-1,3-N-acetylglucosaminyltransferase) (EC 2.4.1.146) (Beta-1,3-galactosyltransferase 8) (Beta-1,3-GalTase 8) (Beta3Gal-T8) (Beta3GalT8) (b3Gal-T8) (Beta-3-Gx-T8) (Core 1 extending beta-1,3-N-acetylglucosaminyltransferase) (Core1-beta3GlcNAcT) (Transmembrane protein 3) (UDP-Gal:beta-GlcNAc beta-1,3-galactosyltransferase 8) (UDP-GlcNAc:betaGal beta-1,3-N-acetylglucosaminyltransferase 3) (BGnT-3) (Beta-1,3-Gn-T3) (Beta-1,3-N-acetylglucosaminyltransferase 3) (Beta3Gn-T3) (UDP-galactose:beta-N-acetylglucosamine beta-1,3-galactosyltransferase 8)	2.4.1.149; 2.4.1.146	GT31;
Q9Y2B1	RXYLT1	Ribitol-5-phosphate xylosyltransferase 1 (EC 2.4.2.-) (Transmembrane protein 5) (UDP-D-xylose:ribitol-5-phosphate beta1,4-xylosyltransferase)	2.4.2.-	
Q9Y2C3	B3GALT5	Beta-1,3-galactosyltransferase 5 (Beta-1,3-GalTase 5) (Beta3Gal-T5) (Beta3GalT5) (b3Gal-T5) (EC 2.4.1.-) (Beta-3-Gx-T5) (UDP-Gal:beta-GlcNAc beta-1,3-galactosyltransferase 5) (UDP-galactose:beta-N-acetylglucosamine beta-1,3-galactosyltransferase 5)	2.4.1.-	GT31;
Q9Y2G5	POFUT2	GDP-fucose protein O-fucosyltransferase 2 (EC 2.4.1.221) (Peptide-O-fucosyltransferase 2) (O-FucT-2)	2.4.1.221	GT68;
Q9Y5Z6	B3GALT1	Beta-1,3-galactosyltransferase 1 (Beta-1,3-GalTase 1) (Beta3Gal-T1) (Beta3GalT1) (EC 2.4.1.86) (UDP-galactose:beta-N-acetyl-glucosamine-beta-1,3-galactosyltransferase 1)	2.4.1.86	GT31;
Q9Y644	RFNG	Beta-1,3-N-acetylglucosaminyltransferase radical fringe (EC 2.4.1.222) (O-fucosylpeptide 3-beta-N-acetylglucosaminyltransferase)	2.4.1.222	GT31;
Q9Y672	ALG6	Dolichyl pyrophosphate Man9GlcNAc2 alpha-1,3-glucosyltransferase (EC 2.4.1.267) (Asparagine-linked glycosylation protein 6 homolog) (Dol-P-Glc:Man(9)GlcNAc(2)-PP-Dol alpha-1,3-glucosyltransferase) (Dolichyl-P-Glc:Man9GlcNAc2-PP-dolichyl glucosyltransferase)	2.4.1.267	GT57;
Q9Y673	ALG5	Dolichyl-phosphate beta-glucosyltransferase (DolP-glucosyltransferase) (EC 2.4.1.117) (Asparagine-linked glycosylation protein 5 homolog)	2.4.1.117	GT2;
Q9Y6A1	POMT1	Protein O-mannosyl-transferase 1 (EC 2.4.1.109) (Dolichyl-phosphate-mannose--protein mannosyltransferase 1)	2.4.1.109	GT39;
Q9Y6E7	SIRT4	NAD-dependent protein lipoamidase sirtuin-4, mitochondrial (EC 2.3.1.-) (NAD-dependent ADP-ribosyltransferase sirtuin-4) (EC 2.4.2.-) (NAD-dependent protein deacetylase sirtuin-4) (EC 2.3.1.286) (Regulatory protein SIR2 homolog 4) (SIR2-like protein 4)	2.3.1.-; 2.4.2.-; 2.3.1.286	
Q9Y6F1	PARP3	Protein mono-ADP-ribosyltransferase PARP3 (EC 2.4.2.-) (ADP-ribosyltransferase diphtheria toxin-like 3) (ARTD3) (DNA ADP-ribosyltransferase PARP3) (EC 2.4.2.-) (IRT1) (NAD(+) ADP-ribosyltransferase 3) (ADPRT-3) (Poly [ADP-ribose] polymerase 3) (PARP-3) (hPARP-3) (Poly[ADP-ribose] synthase 3) (pADPRT-3)	2.4.2.-	
U3KPV4	A3GALT2	Alpha-1,3-galactosyltransferase 2 (EC 2.4.1.87) (Isoglobotriaosylceramide synthase) (iGb3 synthase) (iGb3S)	2.4.1.87	
