Entry	Entry name	Status	Protein names	Gene names	Organism	Length
P61647	SIA8F_HUMAN	reviewed	Alpha-2,8-sialyltransferase 8F (EC 2.4.99.-) (Sialyltransferase 8F) (SIAT8-F) (Sialyltransferase St8Sia VI) (ST8SiaVI)	ST8SIA6 SIAT8F	Homo sapiens (Human)	398
Q9BY64	UDB28_HUMAN	reviewed	UDP-glucuronosyltransferase 2B28 (UDPGT 2B28) (UGT2B28) (EC 2.4.1.17)	UGT2B28	Homo sapiens (Human)	529
Q86Y38	XYLT1_HUMAN	reviewed	Xylosyltransferase 1 (EC 2.4.2.26) (Peptide O-xylosyltransferase 1) (Xylosyltransferase I) (XT-I) (XylT-I)	XYLT1 XT1	Homo sapiens (Human)	959
Q92187	SIA8D_HUMAN	reviewed	CMP-N-acetylneuraminate-poly-alpha-2,8-sialyltransferase (EC 2.4.99.-) (Alpha-2,8-sialyltransferase 8D) (Polysialyltransferase-1) (Sialyltransferase 8D) (SIAT8-D) (Sialyltransferase St8Sia IV) (ST8SiaIV)	ST8SIA4 PST PST1 SIAT8D	Homo sapiens (Human)	359
P36537	UDB10_HUMAN	reviewed	UDP-glucuronosyltransferase 2B10 (UDPGT 2B10) (EC 2.4.1.17)	UGT2B10	Homo sapiens (Human)	528
P0DTE5	UD2A2_HUMAN	reviewed	UDP-glucuronosyltransferase 2A2 (UDPGT 2A2) (EC 2.4.1.17)	UGT2A2	Homo sapiens (Human)	536
Q9BXR0	TGT_HUMAN	reviewed	Queuine tRNA-ribosyltransferase catalytic subunit 1 (EC 2.4.2.29) (Guanine insertion enzyme) (tRNA-guanine transglycosylase)	QTRT1 TGT TGUT	Homo sapiens (Human)	403
Q9H4F1	SIA7D_HUMAN	reviewed	Alpha-N-acetyl-neuraminyl-2,3-beta-galactosyl-1,3-N-acetyl-galactosaminide alpha-2,6-sialyltransferase (EC 2.4.99.7) (NeuAc-alpha-2,3-Gal-beta-1,3-GalNAc-alpha-2,6-sialyltransferase) (ST6GalNAc IV) (ST6GalNAcIV) (Sialyltransferase 3C) (SIAT3-C) (Sialyltransferase 7D) (SIAT7-D)	ST6GALNAC4 SIAT3C SIAT7D	Homo sapiens (Human)	302
Q9BVH7	SIA7E_HUMAN	reviewed	Alpha-N-acetylgalactosaminide alpha-2,6-sialyltransferase 5 (EC 2.4.99.-) (GD1 alpha synthase) (GalNAc alpha-2,6-sialyltransferase V) (ST6GalNAc V) (ST6GalNAcV) (Sialyltransferase 7E) (SIAT7-E)	ST6GALNAC5 SIAT7E	Homo sapiens (Human)	336
Q6UWM9	UD2A3_HUMAN	reviewed	UDP-glucuronosyltransferase 2A3 (UDPGT 2A3) (EC 2.4.1.17)	UGT2A3 UNQ2559/PRO6239	Homo sapiens (Human)	527
P54855	UDB15_HUMAN	reviewed	UDP-glucuronosyltransferase 2B15 (UDPGT 2B15) (UGT2B15) (EC 2.4.1.17) (HLUG4) (UDP-glucuronosyltransferase 2B8) (UDPGT 2B8) (UDPGTh-3)	UGT2B15 UGT2B8	Homo sapiens (Human)	530
Q9HAW8	UD110_HUMAN	reviewed	UDP-glucuronosyltransferase 1A10 (UGT1A10) (EC 2.4.1.17) (UDP-glucuronosyltransferase 1-10) (UDPGT 1-10) (UGT1*10) (UGT1-10) (UGT1.10) (UDP-glucuronosyltransferase 1-J) (UGT-1J) (UGT1J)	UGT1A10 GNT1 UGT1	Homo sapiens (Human)	530
O75795	UDB17_HUMAN	reviewed	UDP-glucuronosyltransferase 2B17 (UDPGT 2B17) (UGT2B17) (EC 2.4.1.17) (C19-steroid-specific UDP-glucuronosyltransferase) (C19-steroid-specific UDPGT)	UGT2B17	Homo sapiens (Human)	530
P35504	UD15_HUMAN	reviewed	UDP-glucuronosyltransferase 1A5 (UGT1A5) (EC 2.4.1.17) (UDP-glucuronosyltransferase 1-5) (UDPGT 1-5) (UGT1*5) (UGT1-05) (UGT1.5) (UDP-glucuronosyltransferase 1-E) (UGT-1E) (UGT1E)	UGT1A5 GNT1 UGT1	Homo sapiens (Human)	534
Q6NUS8	UD3A1_HUMAN	reviewed	UDP-glucuronosyltransferase 3A1 (UDPGT 3A1) (EC 2.4.1.17)	UGT3A1	Homo sapiens (Human)	523
Q9H1B5	XYLT2_HUMAN	reviewed	Xylosyltransferase 2 (EC 2.4.2.26) (Peptide O-xylosyltransferase 1) (Xylosyltransferase II) (XT-II) (XylT-II)	XYLT2 XT2 UNQ3058/PRO9878	Homo sapiens (Human)	865
Q9Y274	SIA10_HUMAN	reviewed	Type 2 lactosamine alpha-2,3-sialyltransferase (EC 2.4.99.-) (CMP-NeuAc:beta-galactoside alpha-2,3-sialyltransferase VI) (ST3Gal VI) (ST3GalVI) (Sialyltransferase 10)	ST3GAL6 SIAT10	Homo sapiens (Human)	331
Q11206	SIA4C_HUMAN	reviewed	CMP-N-acetylneuraminate-beta-galactosamide-alpha-2,3-sialyltransferase 4 (Alpha 2,3-ST 4) (Beta-galactoside alpha-2,3-sialyltransferase 4) (EC 2.4.99.2) (EC 2.4.99.4) (Alpha 2,3-sialyltransferase IV) (Gal-NAc6S) (Gal-beta-1,3-GalNAc-alpha-2,3-sialyltransferase) (Gal-beta-1,4-GlcNAc-alpha-2,3-sialyltransferase) (N-acetyllactosaminide alpha-2,3-sialyltransferase) (EC 2.4.99.6) (SAT-3) (ST-4) (ST3Gal IV) (ST3GalIV) (ST3GalA.2) (STZ) (Sialyltransferase 4C) (SIAT4-C)	ST3GAL4 CGS23 NANTA3 SIAT4C STZ	Homo sapiens (Human)	333
P22310	UD14_HUMAN	reviewed	UDP-glucuronosyltransferase 1A4 (UGT1A4) (EC 2.4.1.17) (Bilirubin-specific UDPGT isozyme 2) (hUG-BR2) (UDP-glucuronosyltransferase 1-4) (UDPGT 1-4) (UGT1*4) (UGT1-04) (UGT1.4) (UDP-glucuronosyltransferase 1-D) (UGT-1D) (UGT1D)	UGT1A4 GNT1 UGT1	Homo sapiens (Human)	534
O60656	UD19_HUMAN	reviewed	UDP-glucuronosyltransferase 1A9 (UGT1A9) (EC 2.4.1.17) (UDP-glucuronosyltransferase 1-9) (UDPGT 1-9) (UGT1*9) (UGT1-09) (UGT1.9) (UDP-glucuronosyltransferase 1-I) (UGT-1I) (UGT1I) (lugP4)	UGT1A9 GNT1 UGT1	Homo sapiens (Human)	530
P06133	UD2B4_HUMAN	reviewed	UDP-glucuronosyltransferase 2B4 (UDPGT 2B4) (EC 2.4.1.17) (HLUG25) (Hyodeoxycholic acid-specific UDPGT) (UDPGTh-1)	UGT2B4 UGT2B11	Homo sapiens (Human)	528
Q16831	UPP1_HUMAN	reviewed	Uridine phosphorylase 1 (UPase 1) (UrdPase 1) (EC 2.4.2.3)	UPP1 UP	Homo sapiens (Human)	310
Q9UNP4	SIAT9_HUMAN	reviewed	Lactosylceramide alpha-2,3-sialyltransferase (EC 2.4.99.9) (CMP-NeuAc:lactosylceramide alpha-2,3-sialyltransferase) (GM3 synthase) (Ganglioside GM3 synthase) (ST3Gal V) (ST3GalV) (Sialyltransferase 9)	ST3GAL5 SIAT9 UNQ2510/PRO5998	Homo sapiens (Human)	418
Q8NBI6	XXLT1_HUMAN	reviewed	Xyloside xylosyltransferase 1 (EC 2.4.2.62) (UDP-xylose:alpha-xyloside alpha-1,3-xylosyltransferase)	XXYLT1 C3orf21 PSEC0251	Homo sapiens (Human)	393
P22309	UD11_HUMAN	reviewed	UDP-glucuronosyltransferase 1A1 (UGT1A1) (EC 2.4.1.17) (Bilirubin-specific UDPGT isozyme 1) (hUG-BR1) (UDP-glucuronosyltransferase 1-1) (UDPGT 1-1) (UGT1*1) (UGT1-01) (UGT1.1) (UDP-glucuronosyltransferase 1A isoform 1)	UGT1A1 GNT1 UGT1	Homo sapiens (Human)	533
Q9HAW7	UD17_HUMAN	reviewed	UDP-glucuronosyltransferase 1A7 (UGT1A7) (EC 2.4.1.17) (UDP-glucuronosyltransferase 1-7) (UDPGT 1-7) (UGT1*7) (UGT1-07) (UGT1.7) (UDP-glucuronosyltransferase 1-G) (UGT-1G) (UGT1G)	UGT1A7 GNT1 UGT1	Homo sapiens (Human)	530
Q3SY77	UD3A2_HUMAN	reviewed	UDP-glucuronosyltransferase 3A2 (UDPGT 3A2) (EC 2.4.1.17)	UGT3A2 PSEC0073 UNQ842/PRO1780	Homo sapiens (Human)	523
P0DTE4	UD2A1_HUMAN	reviewed	UDP-glucuronosyltransferase 2A1 (UDPGT 2A1) (UGT2A1) (EC 2.4.1.17)	UGT2A1	Homo sapiens (Human)	527
Q9UJ37	SIA7B_HUMAN	reviewed	Alpha-N-acetylgalactosaminide alpha-2,6-sialyltransferase 2 (EC 2.4.99.3) (GalNAc alpha-2,6-sialyltransferase II) (ST6GalNAc II) (ST6GalNAcII) (SThM) (Sialyltransferase 7B) (SIAT7-B)	ST6GALNAC2 SIAT7B SIATL1 STHM	Homo sapiens (Human)	374
Q11203	SIAT6_HUMAN	reviewed	CMP-N-acetylneuraminate-beta-1,4-galactoside alpha-2,3-sialyltransferase (EC 2.4.99.6) (Beta-galactoside alpha-2,3-sialyltransferase 3) (Alpha 2,3-ST 3) (Gal beta-1,3(4) GlcNAc alpha-2,3 sialyltransferase) (N-acetyllactosaminide alpha-2,3-sialyltransferase) (ST3Gal III) (ST3GalIII) (ST3N) (Sialyltransferase 6)	ST3GAL3 SIAT6	Homo sapiens (Human)	375
Q96JF0	SIAT2_HUMAN	reviewed	Beta-galactoside alpha-2,6-sialyltransferase 2 (Alpha 2,6-ST 2) (EC 2.4.99.1) (CMP-N-acetylneuraminate-beta-galactosamide-alpha-2,6-sialyltransferase 2) (ST6Gal II) (ST6GalII) (hST6Gal II) (Sialyltransferase 2)	ST6GAL2 KIAA1877 SIAT2	Homo sapiens (Human)	529
P19971	TYPH_HUMAN	reviewed	Thymidine phosphorylase (TP) (EC 2.4.2.4) (Gliostatin) (Platelet-derived endothelial cell growth factor) (PD-ECGF) (TdRPase)	TYMP ECGF1	Homo sapiens (Human)	482
O15466	SIA8E_HUMAN	reviewed	Alpha-2,8-sialyltransferase 8E (EC 2.4.99.-) (Sialyltransferase 8E) (SIAT8-E) (Sialyltransferase St8Sia V) (ST8SiaV)	ST8SIA5 SIAT8E	Homo sapiens (Human)	376
Q16842	SIA4B_HUMAN	reviewed	CMP-N-acetylneuraminate-beta-galactosamide-alpha-2,3-sialyltransferase 2 (Alpha 2,3-ST 2) (Beta-galactoside alpha-2,3-sialyltransferase 2) (EC 2.4.99.4) (Gal-NAc6S) (Gal-beta-1,3-GalNAc-alpha-2,3-sialyltransferase) (Monosialoganglioside sialyltransferase) (EC 2.4.99.2) (ST3Gal II) (ST3GalII) (ST3GalA.2) (Sialyltransferase 4B) (SIAT4-B)	ST3GAL2 SIAT4B	Homo sapiens (Human)	350
P11172	UMPS_HUMAN	reviewed	Uridine 5'-monophosphate synthase (UMP synthase) [Includes: Orotate phosphoribosyltransferase (OPRT) (OPRTase) (EC 2.4.2.10); Orotidine 5'-phosphate decarboxylase (ODC) (EC 4.1.1.23) (OMPdecase)]	UMPS OK/SW-cl.21	Homo sapiens (Human)	480
Q9NYU1	UGGG2_HUMAN	reviewed	UDP-glucose:glycoprotein glucosyltransferase 2 (UGT2) (hUGT2) (EC 2.4.1.-) (UDP--Glc:glycoprotein glucosyltransferase 2) (UDP-glucose ceramide glucosyltransferase-like 1)	UGGT2 UGCGL2 UGT2	Homo sapiens (Human)	1516
Q9HAW9	UD18_HUMAN	reviewed	UDP-glucuronosyltransferase 1A8 (UGT1A8) (EC 2.4.1.17) (UDP-glucuronosyltransferase 1-8) (UDPGT 1-8) (UGT1*8) (UGT1-08) (UGT1.8) (UDP-glucuronosyltransferase 1-H) (UGT-1H) (UGT1H)	UGT1A8 GNT1 UGT1	Homo sapiens (Human)	530
P16662	UD2B7_HUMAN	reviewed	UDP-glucuronosyltransferase 2B7 (UDPGT 2B7) (UGT2B7) (EC 2.4.1.17) (3,4-catechol estrogen-specific UDPGT) (UDP-glucuronosyltransferase 2B9) (UDPGT 2B9) (UDPGTh-2)	UGT2B7 UGTB2B9	Homo sapiens (Human)	529
P35503	UD13_HUMAN	reviewed	UDP-glucuronosyltransferase 1A3 (UGT1A3) (EC 2.4.1.17) (UDP-glucuronosyltransferase 1-3) (UDPGT 1-3) (UGT1*3) (UGT1-03) (UGT1.3) (UDP-glucuronosyltransferase 1-C) (UGT-1C) (UGT1C) (UDP-glucuronosyltransferase 1A isoform 3)	UGT1A3 GNT1 UGT1	Homo sapiens (Human)	534
A8MXE2	YI036_HUMAN	reviewed	Putative UDP-GlcNAc:betaGal beta-1,3-N-acetylglucosaminyltransferase LOC100288842 (EC 2.4.1.-) (Putative UDP-GlcNAc:betaGal beta-1,3-N-acetylglucosaminyltransferase LOC402377) (UDP-GlcNAc:betaGal beta-1,3-N-acetylglucosaminyltransferase 5 pseudogene)		Homo sapiens (Human)	369
P37287	PIGA_HUMAN	reviewed	Phosphatidylinositol N-acetylglucosaminyltransferase subunit A (EC 2.4.1.198) (GlcNAc-PI synthesis protein) (Phosphatidylinositol-glycan biosynthesis class A protein) (PIG-A)	PIGA	Homo sapiens (Human)	484
Q13126	MTAP_HUMAN	reviewed	S-methyl-5'-thioadenosine phosphorylase (EC 2.4.2.28) (5'-methylthioadenosine phosphorylase) (MTA phosphorylase) (MTAP) (MTAPase)	MTAP MSAP	Homo sapiens (Human)	283
Q2NL67	PARP6_HUMAN	reviewed	Protein mono-ADP-ribosyltransferase PARP6 (EC 2.4.2.-) (ADP-ribosyltransferase diphtheria toxin-like 17) (ARTD17) (Poly [ADP-ribose] polymerase 6) (PARP-6)	PARP6	Homo sapiens (Human)	630
Q86VD9	PIGZ_HUMAN	reviewed	GPI mannosyltransferase 4 (EC 2.4.1.-) (GPI mannosyltransferase IV) (GPI-MT-IV) (Phosphatidylinositol-glycan biosynthesis class Z protein) (PIG-Z) (SMP3 homolog) (hSMP3)	PIGZ SMP3	Homo sapiens (Human)	579
P00492	HPRT_HUMAN	reviewed	Hypoxanthine-guanine phosphoribosyltransferase (HGPRT) (HGPRTase) (EC 2.4.2.8)	HPRT1 HPRT	Homo sapiens (Human)	218
P11216	PYGB_HUMAN	reviewed	Glycogen phosphorylase, brain form (EC 2.4.1.1)	PYGB	Homo sapiens (Human)	843
O95271	TNKS1_HUMAN	reviewed	Poly [ADP-ribose] polymerase tankyrase-1 (EC 2.4.2.30) (ADP-ribosyltransferase diphtheria toxin-like 5) (ARTD5) (Poly [ADP-ribose] polymerase 5A) (Protein poly-ADP-ribosyltransferase tankyrase-1) (EC 2.4.2.-) (TNKS-1) (TRF1-interacting ankyrin-related ADP-ribose polymerase) (Tankyrase I) (Tankyrase-1) (TANK1)	TNKS PARP5A PARPL TIN1 TINF1 TNKS1	Homo sapiens (Human)	1327
Q9H2K2	TNKS2_HUMAN	reviewed	Poly [ADP-ribose] polymerase tankyrase-2 (EC 2.4.2.30) (ADP-ribosyltransferase diphtheria toxin-like 6) (ARTD6) (Poly [ADP-ribose] polymerase 5B) (Protein poly-ADP-ribosyltransferase tankyrase-2) (EC 2.4.2.-) (TNKS-2) (TRF1-interacting ankyrin-related ADP-ribose polymerase 2) (Tankyrase II) (Tankyrase-2) (TANK2) (Tankyrase-like protein) (Tankyrase-related protein)	TNKS2 PARP5B TANK2 TNKL	Homo sapiens (Human)	1166
Q8TCJ2	STT3B_HUMAN	reviewed	Dolichyl-diphosphooligosaccharide--protein glycosyltransferase subunit STT3B (Oligosaccharyl transferase subunit STT3B) (STT3-B) (EC 2.4.99.18) (Source of immunodominant MHC-associated peptides homolog)	STT3B SIMP	Homo sapiens (Human)	826
O75310	UDB11_HUMAN	reviewed	UDP-glucuronosyltransferase 2B11 (UDPGT 2B11) (EC 2.4.1.17)	UGT2B11	Homo sapiens (Human)	529
Q9NYU2	UGGG1_HUMAN	reviewed	UDP-glucose:glycoprotein glucosyltransferase 1 (UGT1) (hUGT1) (EC 2.4.1.-) (UDP--Glc:glycoprotein glucosyltransferase) (UDP-glucose ceramide glucosyltransferase-like 1)	UGGT1 GT UGCGL1 UGGT UGT1 UGTR	Homo sapiens (Human)	1555
P19224	UD16_HUMAN	reviewed	UDP-glucuronosyltransferase 1-6 (UDPGT 1-6) (UGT1*6) (UGT1-06) (UGT1.6) (EC 2.4.1.17) (Phenol-metabolizing UDP-glucuronosyltransferase) (UDP-glucuronosyltransferase 1-F) (UGT-1F) (UGT1F) (UDP-glucuronosyltransferase 1A6)	UGT1A6 GNT1 UGT1	Homo sapiens (Human)	532
Q92185	SIA8A_HUMAN	reviewed	Alpha-N-acetylneuraminide alpha-2,8-sialyltransferase (EC 2.4.99.8) (Alpha-2,8-sialyltransferase 8A) (Ganglioside GD3 synthase) (Ganglioside GT3 synthase) (Sialyltransferase 8A) (SIAT8-A) (Sialyltransferase St8Sia I) (ST8SiaI)	ST8SIA1 SIAT8 SIAT8A	Homo sapiens (Human)	356
O95045	UPP2_HUMAN	reviewed	Uridine phosphorylase 2 (UPase 2) (UrdPase 2) (EC 2.4.2.3)	UPP2	Homo sapiens (Human)	317
Q00973	B4GN1_HUMAN	reviewed	Beta-1,4 N-acetylgalactosaminyltransferase 1 (EC 2.4.1.92) ((N-acetylneuraminyl)-galactosylglucosylceramide) (GM2/GD2 synthase) (GalNAc-T)	B4GALNT1 GALGT SIAT2	Homo sapiens (Human)	533
Q9C0J1	B3GN4_HUMAN	reviewed	N-acetyllactosaminide beta-1,3-N-acetylglucosaminyltransferase 4 (EC 2.4.1.149) (UDP-GlcNAc:betaGal beta-1,3-N-acetylglucosaminyltransferase 4) (BGnT-4) (Beta-1,3-Gn-T4) (Beta-1,3-N-acetylglucosaminyltransferase 4) (Beta3Gn-T4)	B3GNT4 UNQ1898/PRO4344	Homo sapiens (Human)	378
Q96L58	B3GT6_HUMAN	reviewed	Beta-1,3-galactosyltransferase 6 (Beta-1,3-GalTase 6) (Beta3Gal-T6) (Beta3GalT6) (EC 2.4.1.134) (GAG GalTII) (Galactosyltransferase II) (Galactosylxylosylprotein 3-beta-galactosyltransferase) (UDP-Gal:betaGal beta 1,3-galactosyltransferase polypeptide 6)	B3GALT6	Homo sapiens (Human)	329
Q11128	FUT5_HUMAN	reviewed	4-galactosyl-N-acetylglucosaminide 3-alpha-L-fucosyltransferase FUT5 (EC 2.4.1.152) (3-galactosyl-N-acetylglucosaminide 4-alpha-L-fucosyltransferase FUT5) (EC 2.4.1.65) (Fucosyltransferase 5) (Fucosyltransferase V) (Fuc-TV) (FucT-V) (Galactoside 3-L-fucosyltransferase)	FUT5	Homo sapiens (Human)	374
Q9Y672	ALG6_HUMAN	reviewed	Dolichyl pyrophosphate Man9GlcNAc2 alpha-1,3-glucosyltransferase (EC 2.4.1.267) (Asparagine-linked glycosylation protein 6 homolog) (Dol-P-Glc:Man(9)GlcNAc(2)-PP-Dol alpha-1,3-glucosyltransferase) (Dolichyl-P-Glc:Man9GlcNAc2-PP-dolichyl glucosyltransferase)	ALG6 My046	Homo sapiens (Human)	507
Q7Z7M9	GALT5_HUMAN	reviewed	Polypeptide N-acetylgalactosaminyltransferase 5 (EC 2.4.1.41) (Polypeptide GalNAc transferase 5) (GalNAc-T5) (pp-GaNTase 5) (Protein-UDP acetylgalactosaminyltransferase 5) (UDP-GalNAc:polypeptide N-acetylgalactosaminyltransferase 5)	GALNT5	Homo sapiens (Human)	940
Q6IS24	GLT17_HUMAN	reviewed	Polypeptide N-acetylgalactosaminyltransferase 17 (EC 2.4.1.41) (Polypeptide GalNAc transferase-like protein 3) (GalNAc-T-like protein 3) (pp-GaNTase-like protein 3) (Protein-UDP acetylgalactosaminyltransferase-like protein 3) (UDP-GalNAc:polypeptide N-acetylgalactosaminyltransferase-like protein 3) (Williams-Beuren syndrome chromosomal region 17 protein)	GALNT17 WBSCR17	Homo sapiens (Human)	598
Q9Y673	ALG5_HUMAN	reviewed	Dolichyl-phosphate beta-glucosyltransferase (DolP-glucosyltransferase) (EC 2.4.1.117) (Asparagine-linked glycosylation protein 5 homolog)	ALG5 HSPC149	Homo sapiens (Human)	324
Q9HCQ5	GALT9_HUMAN	reviewed	Polypeptide N-acetylgalactosaminyltransferase 9 (EC 2.4.1.41) (Polypeptide GalNAc transferase 9) (GalNAc-T9) (pp-GaNTase 9) (Protein-UDP acetylgalactosaminyltransferase 9) (UDP-GalNAc:polypeptide N-acetylgalactosaminyltransferase 9)	GALNT9	Homo sapiens (Human)	603
Q9H1C3	GL8D2_HUMAN	reviewed	Glycosyltransferase 8 domain-containing protein 2 (EC 2.4.1.-)	GLT8D2 GALA4A UNQ1901/PRO4347	Homo sapiens (Human)	349
O60762	DPM1_HUMAN	reviewed	Dolichol-phosphate mannosyltransferase subunit 1 (EC 2.4.1.83) (Dolichol-phosphate mannose synthase subunit 1) (DPM synthase subunit 1) (Dolichyl-phosphate beta-D-mannosyltransferase subunit 1) (Mannose-P-dolichol synthase subunit 1) (MPD synthase subunit 1)	DPM1	Homo sapiens (Human)	260
Q9UKK3	PARP4_HUMAN	reviewed	Protein mono-ADP-ribosyltransferase PARP4 (EC 2.4.2.-) (193 kDa vault protein) (ADP-ribosyltransferase diphtheria toxin-like 4) (ARTD4) (PARP-related/IalphaI-related H5/proline-rich) (PH5P) (Poly [ADP-ribose] polymerase 4) (PARP-4) (Vault poly(ADP-ribose) polymerase) (VPARP)	PARP4 ADPRTL1 KIAA0177 PARPL	Homo sapiens (Human)	1724
Q8WZA1	PMGT1_HUMAN	reviewed	Protein O-linked-mannose beta-1,2-N-acetylglucosaminyltransferase 1 (POMGnT1) (EC 2.4.1.-) (UDP-GlcNAc:alpha-D-mannoside beta-1,2-N-acetylglucosaminyltransferase I.2) (GnT I.2)	POMGNT1 MGAT1.2 UNQ746/PRO1475	Homo sapiens (Human)	660
Q8N5Y8	PAR16_HUMAN	reviewed	Protein mono-ADP-ribosyltransferase PARP16 (EC 2.4.2.-) (ADP-ribosyltransferase diphtheria toxin-like 15) (Poly [ADP-ribose] polymerase 16) (PARP-16)	PARP16 ARTD15 C15orf30	Homo sapiens (Human)	322
Q13508	NAR3_HUMAN	reviewed	Ecto-ADP-ribosyltransferase 3 (EC 2.4.2.31) (ADP-ribosyltransferase C2 and C3 toxin-like 3) (ARTC3) (Mono(ADP-ribosyl)transferase 3) (NAD(P)(+)--arginine ADP-ribosyltransferase 3)	ART3 TMART	Homo sapiens (Human)	389
Q9Y2G5	OFUT2_HUMAN	reviewed	GDP-fucose protein O-fucosyltransferase 2 (EC 2.4.1.221) (Peptide-O-fucosyltransferase 2) (O-FucT-2)	POFUT2 C21orf80 FUT13 KIAA0958	Homo sapiens (Human)	429
Q8IYK4	GT252_HUMAN	reviewed	Procollagen galactosyltransferase 2 (EC 2.4.1.50) (Collagen beta(1-O)galactosyltransferase 2) (ColGalT 2) (Glycosyltransferase 25 family member 2) (Hydroxylysine galactosyltransferase 2)	COLGALT2 C1orf17 GLT25D2 KIAA0584	Homo sapiens (Human)	626
Q9NR21	PAR11_HUMAN	reviewed	Protein mono-ADP-ribosyltransferase PARP11 (EC 2.4.2.-) (ADP-ribosyltransferase diphtheria toxin-like 11) (ARTD11) (Poly [ADP-ribose] polymerase 11) (PARP-11)	PARP11 C12orf6	Homo sapiens (Human)	338
Q92535	PIGC_HUMAN	reviewed	Phosphatidylinositol N-acetylglucosaminyltransferase subunit C (EC 2.4.1.198) (Phosphatidylinositol-glycan biosynthesis class C protein) (PIG-C)	PIGC GPI2	Homo sapiens (Human)	297
Q93063	EXT2_HUMAN	reviewed	Exostosin-2 (EC 2.4.1.224) (EC 2.4.1.225) (Glucuronosyl-N-acetylglucosaminyl-proteoglycan/N-acetylglucosaminyl-proteoglycan 4-alpha-N-acetylglucosaminyltransferase) (Multiple exostoses protein 2) (Putative tumor suppressor protein EXT2)	EXT2	Homo sapiens (Human)	718
Q6P9A2	GLT18_HUMAN	reviewed	Polypeptide N-acetylgalactosaminyltransferase 18 (EC 2.4.1.41) (Polypeptide GalNAc transferase 18) (GalNAc-T18) (Polypeptide GalNAc transferase-like protein 4) (GalNAc-T-like protein 4) (pp-GaNTase-like protein 4) (Polypeptide N-acetylgalactosaminyltransferase-like protein 4) (Protein-UDP acetylgalactosaminyltransferase-like protein 4) (UDP-GalNAc:polypeptide N-acetylgalactosaminyltransferase-like protein 4)	GALNT18 GALNTL4	Homo sapiens (Human)	607
Q9P109	GCNT4_HUMAN	reviewed	Beta-1,3-galactosyl-O-glycosyl-glycoprotein beta-1,6-N-acetylglucosaminyltransferase 4 (EC 2.4.1.102) (Core 2-branching enzyme 3) (Core2-GlcNAc-transferase 3) (C2GnT3)	GCNT4	Homo sapiens (Human)	453
Q92935	EXTL1_HUMAN	reviewed	Exostosin-like 1 (EC 2.4.1.224) (Exostosin-L) (Glucuronosyl-N-acetylglucosaminyl-proteoglycan 4-alpha-N-acetylglucosaminyltransferase) (Multiple exostosis-like protein)	EXTL1 EXTL	Homo sapiens (Human)	676
Q04446	GLGB_HUMAN	reviewed	1,4-alpha-glucan-branching enzyme (EC 2.4.1.18) (Brancher enzyme) (Glycogen-branching enzyme)	GBE1	Homo sapiens (Human)	702
P04062	GLCM_HUMAN	reviewed	Lysosomal acid glucosylceramidase (Lysosomal acid GCase) (EC 3.2.1.45) (Acid beta-glucosidase) (Alglucerase) (Beta-glucocerebrosidase) (Beta-GC) (Cholesterol glucosyltransferase) (SGTase) (EC 2.4.1.-) (Cholesteryl-beta-glucosidase) (EC 3.2.1.-) (D-glucosyl-N-acylsphingosine glucohydrolase) (Imiglucerase)	GBA GC GLUC	Homo sapiens (Human)	536
P35573	GDE_HUMAN	reviewed	Glycogen debranching enzyme (Glycogen debrancher) [Includes: 4-alpha-glucanotransferase (EC 2.4.1.25) (Oligo-1,4-1,4-glucantransferase); Amylo-alpha-1,6-glucosidase (Amylo-1,6-glucosidase) (EC 3.2.1.33) (Dextrin 6-alpha-D-glucosidase)]	AGL GDE	Homo sapiens (Human)	1532
Q10472	GALT1_HUMAN	reviewed	Polypeptide N-acetylgalactosaminyltransferase 1 (EC 2.4.1.41) (Polypeptide GalNAc transferase 1) (GalNAc-T1) (pp-GaNTase 1) (Protein-UDP acetylgalactosaminyltransferase 1) (UDP-GalNAc:polypeptide N-acetylgalactosaminyltransferase 1) [Cleaved into: Polypeptide N-acetylgalactosaminyltransferase 1 soluble form]	GALNT1	Homo sapiens (Human)	559
P51993	FUT6_HUMAN	reviewed	4-galactosyl-N-acetylglucosaminide 3-alpha-L-fucosyltransferase FUT6 (EC 2.4.1.152) (Fucosyltransferase 6) (Fucosyltransferase VI) (Fuc-TVI) (FucT-VI) (Galactoside 3-L-fucosyltransferase)	FUT6 FCT3A	Homo sapiens (Human)	359
Q09327	MGAT3_HUMAN	reviewed	Beta-1,4-mannosyl-glycoprotein 4-beta-N-acetylglucosaminyltransferase (EC 2.4.1.144) (N-glycosyl-oligosaccharide-glycoprotein N-acetylglucosaminyltransferase III) (GNT-III) (GlcNAc-T III) (N-acetylglucosaminyltransferase III)	MGAT3 GGNT3	Homo sapiens (Human)	533
P43490	NAMPT_HUMAN	reviewed	Nicotinamide phosphoribosyltransferase (NAmPRTase) (Nampt) (EC 2.4.2.12) (Pre-B-cell colony-enhancing factor 1) (Pre-B cell-enhancing factor) (Visfatin)	NAMPT PBEF PBEF1	Homo sapiens (Human)	491
Q02742	GCNT1_HUMAN	reviewed	Beta-1,3-galactosyl-O-glycosyl-glycoprotein beta-1,6-N-acetylglucosaminyltransferase (EC 2.4.1.102) (Core 2-branching enzyme) (Core2-GlcNAc-transferase) (C2GNT) (Core 2 GNT)	GCNT1 NACGT2	Homo sapiens (Human)	428
Q93070	NAR4_HUMAN	reviewed	Ecto-ADP-ribosyltransferase 4 (EC 2.4.2.31) (ADP-ribosyltransferase C2 and C3 toxin-like 4) (ARTC4) (Dombrock blood group carrier molecule) (Mono(ADP-ribosyl)transferase 4) (NAD(P)(+)--arginine ADP-ribosyltransferase 4) (CD antigen CD297)	ART4 DO DOK1	Homo sapiens (Human)	314
Q8N3Y3	LARG2_HUMAN	reviewed	LARGE xylosyl- and glucuronyltransferase 2 (EC 2.4.-.-) (Glycosyltransferase-like 1B) [Includes: Xylosyltransferase LARGE2 (EC 2.4.2.-); Beta-1,3-glucuronyltransferase LARGE2 (EC 2.4.1.-)]	LARGE2 GYLTL1B PP5656	Homo sapiens (Human)	721
P19526	FUT1_HUMAN	reviewed	Galactoside alpha-(1,2)-fucosyltransferase 1 (Alpha(1,2)FT 1) (Blood group H alpha 2-fucosyltransferase) (Fucosyltransferase 1) (GDP-L-fucose:beta-D-galactoside 2-alpha-L-fucosyltransferase 1) (Type 1 galactoside alpha-(1,2)-fucosyltransferase FUT1) (EC 2.4.1.69) (Type 2 galactoside alpha-(1,2)-fucosyltransferase FUT1) (EC 2.4.1.344)	FUT1 H HSC	Homo sapiens (Human)	365
Q8IXK2	GLT12_HUMAN	reviewed	Polypeptide N-acetylgalactosaminyltransferase 12 (EC 2.4.1.41) (Polypeptide GalNAc transferase 12) (GalNAc-T12) (pp-GaNTase 12) (Protein-UDP acetylgalactosaminyltransferase 12) (UDP-GalNAc:polypeptide N-acetylgalactosaminyltransferase 12)	GALNT12	Homo sapiens (Human)	581
Q6UW63	PLGT2_HUMAN	reviewed	Protein O-glucosyltransferase 2 (EC 2.4.1.-) (Endoplasmic reticulum resident protein 58) (ER protein 58) (ERp58) (KDEL motif-containing protein 1) (Protein O-xylosyltransferase POGLUT2) (EC 2.4.2.-)	POGLUT2 EP58 KDELC1 UNQ1910/PRO4357	Homo sapiens (Human)	502
Q7Z4H8	PLGT3_HUMAN	reviewed	Protein O-glucosyltransferase 3 (EC 2.4.1.-) (KDEL motif-containing protein 2) (Protein O-xylosyltransferase POGLUT3) (EC 2.4.2.-)	POGLUT3 KDELC2 UNQ1904/PRO4350	Homo sapiens (Human)	507
Q92819	HYAS2_HUMAN	reviewed	Hyaluronan synthase 2 (EC 2.4.1.212) (Hyaluronate synthase 2) (Hyaluronic acid synthase 2) (HA synthase 2)	HAS2	Homo sapiens (Human)	552
P52961	NAR1_HUMAN	reviewed	GPI-linked NAD(P)(+)--arginine ADP-ribosyltransferase 1 (EC 2.4.2.31) (ADP-ribosyltransferase C2 and C3 toxin-like 1) (ARTC1) (Mono(ADP-ribosyl)transferase 1) (CD antigen CD296)	ART1	Homo sapiens (Human)	327
Q9H488	OFUT1_HUMAN	reviewed	GDP-fucose protein O-fucosyltransferase 1 (EC 2.4.1.221) (Peptide-O-fucosyltransferase 1) (O-FucT-1)	POFUT1 FUT12 KIAA0180	Homo sapiens (Human)	388
Q8N4A0	GALT4_HUMAN	reviewed	Polypeptide N-acetylgalactosaminyltransferase 4 (EC 2.4.1.41) (Polypeptide GalNAc transferase 4) (GalNAc-T4) (pp-GaNTase 4) (Protein-UDP acetylgalactosaminyltransferase 4) (UDP-GalNAc:polypeptide N-acetylgalactosaminyltransferase 4)	GALNT4	Homo sapiens (Human)	578
Q86SF2	GALT7_HUMAN	reviewed	N-acetylgalactosaminyltransferase 7 (EC 2.4.1.41) (Polypeptide GalNAc transferase 7) (GalNAc-T7) (pp-GaNTase 7) (Protein-UDP acetylgalactosaminyltransferase 7) (UDP-GalNAc:polypeptide N-acetylgalactosaminyltransferase 7)	GALNT7	Homo sapiens (Human)	657
Q9NUD9	PIGV_HUMAN	reviewed	GPI mannosyltransferase 2 (EC 2.4.1.-) (GPI mannosyltransferase II) (GPI-MT-II) (Phosphatidylinositol-glycan biosynthesis class V protein) (PIG-V)	PIGV	Homo sapiens (Human)	493
Q9UKY4	POMT2_HUMAN	reviewed	Protein O-mannosyl-transferase 2 (EC 2.4.1.109) (Dolichyl-phosphate-mannose--protein mannosyltransferase 2)	POMT2	Homo sapiens (Human)	750
Q10469	MGAT2_HUMAN	reviewed	Alpha-1,6-mannosyl-glycoprotein 2-beta-N-acetylglucosaminyltransferase (EC 2.4.1.143) (Beta-1,2-N-acetylglucosaminyltransferase II) (GlcNAc-T II) (GNT-II) (Mannoside acetylglucosaminyltransferase 2) (N-glycosyl-oligosaccharide-glycoprotein N-acetylglucosaminyltransferase II)	MGAT2	Homo sapiens (Human)	447
Q9Y6F1	PARP3_HUMAN	reviewed	Protein mono-ADP-ribosyltransferase PARP3 (EC 2.4.2.-) (ADP-ribosyltransferase diphtheria toxin-like 3) (ARTD3) (DNA ADP-ribosyltransferase PARP3) (EC 2.4.2.-) (IRT1) (NAD(+) ADP-ribosyltransferase 3) (ADPRT-3) (Poly [ADP-ribose] polymerase 3) (PARP-3) (hPARP-3) (Poly[ADP-ribose] synthase 3) (pADPRT-3)	PARP3 ADPRT3 ADPRTL3	Homo sapiens (Human)	533
Q15274	NADC_HUMAN	reviewed	Nicotinate-nucleotide pyrophosphorylase [carboxylating] (EC 2.4.2.19) (Quinolinate phosphoribosyltransferase [decarboxylating]) (QAPRTase) (QPRTase)	QPRT	Homo sapiens (Human)	297
Q96L15	NAR5_HUMAN	reviewed	Ecto-ADP-ribosyltransferase 5 (EC 2.4.2.31) (ADP-ribosyltransferase C2 and C3 toxin-like 5) (ARTC5) (Mono(ADP-ribosyl)transferase 5) (NAD(P)(+)--arginine ADP-ribosyltransferase 5)	ART5 UNQ575/PRO1137	Homo sapiens (Human)	291
O00587	MFNG_HUMAN	reviewed	Beta-1,3-N-acetylglucosaminyltransferase manic fringe (EC 2.4.1.222) (O-fucosylpeptide 3-beta-N-acetylglucosaminyltransferase)	MFNG	Homo sapiens (Human)	321
Q9UGN5	PARP2_HUMAN	reviewed	Poly [ADP-ribose] polymerase 2 (PARP-2) (hPARP-2) (EC 2.4.2.30) (ADP-ribosyltransferase diphtheria toxin-like 2) (ARTD2) (DNA ADP-ribosyltransferase PARP2) (EC 2.4.2.-) (NAD(+) ADP-ribosyltransferase 2) (ADPRT-2) (Poly[ADP-ribose] synthase 2) (pADPRT-2) (Protein poly-ADP-ribosyltransferase PARP2) (EC 2.4.2.-)	PARP2 ADPRT2 ADPRTL2	Homo sapiens (Human)	583
Q7Z3E1	PARPT_HUMAN	reviewed	Protein mono-ADP-ribosyltransferase TIPARP (EC 2.4.2.-) (ADP-ribosyltransferase diphtheria toxin-like 14) (ARTD14) (Poly [ADP-ribose] polymerase 7) (PARP-7) (TCDD-inducible poly [ADP-ribose] polymerase)	TIPARP PARP7	Homo sapiens (Human)	657
Q9H3S5	PIGM_HUMAN	reviewed	GPI mannosyltransferase 1 (EC 2.4.1.-) (GPI mannosyltransferase I) (GPI-MT-I) (Phosphatidylinositol-glycan biosynthesis class M protein) (PIG-M)	PIGM	Homo sapiens (Human)	423
Q8N3A8	PARP8_HUMAN	reviewed	Protein mono-ADP-ribosyltransferase PARP8 (EC 2.4.2.-) (ADP-ribosyltransferase diphtheria toxin-like 16) (ARTD16) (Poly [ADP-ribose] polymerase 8) (PARP-8)	PARP8	Homo sapiens (Human)	854
Q969X2	SIA7F_HUMAN	reviewed	Alpha-N-acetylgalactosaminide alpha-2,6-sialyltransferase 6 (EC 2.4.99.-) (GalNAc alpha-2,6-sialyltransferase VI) (ST6GalNAc VI) (ST6GalNAcVI) (hST6GalNAc VI) (Sialyltransferase 7F) (SIAT7-F)	ST6GALNAC6 SIAT7F UNQ708/PRO1359	Homo sapiens (Human)	333
O43173	SIA8C_HUMAN	reviewed	Sia-alpha-2,3-Gal-beta-1,4-GlcNAc-R:alpha 2,8-sialyltransferase (EC 2.4.99.-) (Alpha-2,8-sialyltransferase 8C) (Alpha-2,8-sialyltransferase III) (ST8 alpha-N-acetyl-neuraminide alpha-2,8-sialyltransferase 3) (Sialyltransferase 8C) (SIAT8-C) (Sialyltransferase St8Sia III) (ST8SiaIII)	ST8SIA3 SIAT8C	Homo sapiens (Human)	380
Q14442	PIGH_HUMAN	reviewed	Phosphatidylinositol N-acetylglucosaminyltransferase subunit H (EC 2.4.1.198) (Phosphatidylinositol-glycan biosynthesis class H protein) (PIG-H)	PIGH	Homo sapiens (Human)	188
P26572	MGAT1_HUMAN	reviewed	Alpha-1,3-mannosyl-glycoprotein 2-beta-N-acetylglucosaminyltransferase (EC 2.4.1.101) (N-glycosyl-oligosaccharide-glycoprotein N-acetylglucosaminyltransferase I) (GNT-I) (GlcNAc-T I)	MGAT1 GGNT1 GLCT1 GLYT1 MGAT	Homo sapiens (Human)	445
Q9UQ53	MGT4B_HUMAN	reviewed	Alpha-1,3-mannosyl-glycoprotein 4-beta-N-acetylglucosaminyltransferase B (EC 2.4.1.145) (N-glycosyl-oligosaccharide-glycoprotein N-acetylglucosaminyltransferase IVb) (GlcNAc-T IVb) (GnT-IVb) (N-acetylglucosaminyltransferase IVb) (UDP-N-acetylglucosamine: alpha-1,3-D-mannoside beta-1,4-N-acetylglucosaminyltransferase IVb)	MGAT4B UNQ906/PRO1927	Homo sapiens (Human)	548
P09874	PARP1_HUMAN	reviewed	Poly [ADP-ribose] polymerase 1 (PARP-1) (EC 2.4.2.30) (ADP-ribosyltransferase diphtheria toxin-like 1) (ARTD1) (DNA ADP-ribosyltransferase PARP1) (EC 2.4.2.-) (NAD(+) ADP-ribosyltransferase 1) (ADPRT 1) (Poly[ADP-ribose] synthase 1) (Protein poly-ADP-ribosyltransferase PARP1) (EC 2.4.2.-)	PARP1 ADPRT PPOL	Homo sapiens (Human)	1014
Q06203	PUR1_HUMAN	reviewed	Amidophosphoribosyltransferase (ATase) (EC 2.4.2.14) (Glutamine phosphoribosylpyrophosphate amidotransferase) (GPAT)	PPAT GPAT	Homo sapiens (Human)	517
Q460N3	PAR15_HUMAN	reviewed	Protein mono-ADP-ribosyltransferase PARP15 (EC 2.4.2.-) (ADP-ribosyltransferase diphtheria toxin-like 7) (ARTD7) (B-aggressive lymphoma protein 3) (Poly [ADP-ribose] polymerase 15) (PARP-15)	PARP15 BAL3	Homo sapiens (Human)	678
P06737	PYGL_HUMAN	reviewed	Glycogen phosphorylase, liver form (EC 2.4.1.1)	PYGL	Homo sapiens (Human)	847
Q92521	PIGB_HUMAN	reviewed	GPI mannosyltransferase 3 (EC 2.4.1.-) (GPI mannosyltransferase III) (GPI-MT-III) (Phosphatidylinositol-glycan biosynthesis class B protein) (PIG-B)	PIGB	Homo sapiens (Human)	554
P00491	PNPH_HUMAN	reviewed	Purine nucleoside phosphorylase (PNP) (EC 2.4.2.1) (Inosine phosphorylase) (Inosine-guanosine phosphorylase)	PNP NP	Homo sapiens (Human)	289
Q9Y6A1	POMT1_HUMAN	reviewed	Protein O-mannosyl-transferase 1 (EC 2.4.1.109) (Dolichyl-phosphate-mannose--protein mannosyltransferase 1)	POMT1	Homo sapiens (Human)	747
Q460N5	PAR14_HUMAN	reviewed	Protein mono-ADP-ribosyltransferase PARP14 (EC 2.4.2.-) (ADP-ribosyltransferase diphtheria toxin-like 8) (ARTD8) (B aggressive lymphoma protein 2) (Poly [ADP-ribose] polymerase 14) (PARP-14)	PARP14 BAL2 KIAA1268	Homo sapiens (Human)	1801
P57054	PIGP_HUMAN	reviewed	Phosphatidylinositol N-acetylglucosaminyltransferase subunit P (EC 2.4.1.198) (Down syndrome critical region protein 5) (Down syndrome critical region protein C) (Phosphatidylinositol-glycan biosynthesis class P protein) (PIG-P)	PIGP DCRC DSCR5 DSCRC NPD010	Homo sapiens (Human)	158
O15294	OGT1_HUMAN	reviewed	UDP-N-acetylglucosamine--peptide N-acetylglucosaminyltransferase 110 kDa subunit (EC 2.4.1.255) (O-GlcNAc transferase subunit p110) (O-linked N-acetylglucosamine transferase 110 kDa subunit) (OGT)	OGT	Homo sapiens (Human)	1046
Q53GL7	PAR10_HUMAN	reviewed	Protein mono-ADP-ribosyltransferase PARP10 (EC 2.4.2.-) (ADP-ribosyltransferase diphtheria toxin-like 10) (ARTD10) (Poly [ADP-ribose] polymerase 10) (PARP-10)	PARP10	Homo sapiens (Human)	1025
P11217	PYGM_HUMAN	reviewed	Glycogen phosphorylase, muscle form (EC 2.4.1.1) (Myophosphorylase)	PYGM	Homo sapiens (Human)	842
Q8NBL1	PGLT1_HUMAN	reviewed	Protein O-glucosyltransferase 1 (EC 2.4.1.376) (CAP10-like 46 kDa protein) (hCLP46) (KTEL motif-containing protein 1) (Myelodysplastic syndromes relative protein) (O-glucosyltransferase Rumi homolog) (hRumi) (Protein O-xylosyltransferase POGLUT1) (EC 2.4.2.63)	POGLUT1 C3orf9 CLP46 KTELC1 MDSRP MDS010 UNQ490/PRO1006	Homo sapiens (Human)	392
Q9BRB3	PIGQ_HUMAN	reviewed	Phosphatidylinositol N-acetylglucosaminyltransferase subunit Q (EC 2.4.1.198) (N-acetylglucosamyl transferase component GPI1) (Phosphatidylinositol-glycan biosynthesis class Q protein) (PIG-Q)	PIGQ GPI1	Homo sapiens (Human)	760
O60568	PLOD3_HUMAN	reviewed	Multifunctional procollagen lysine hydroxylase and glycosyltransferase LH3 [Includes: Procollagen-lysine,2-oxoglutarate 5-dioxygenase 3 (EC 1.14.11.4) (Lysyl hydroxylase 3) (LH3); Procollagen glycosyltransferase (EC 2.4.1.50) (EC 2.4.1.66) (Galactosylhydroxylysine-glucosyltransferase) (Procollagen galactosyltransferase) (Procollagen glucosyltransferase)]	PLOD3	Homo sapiens (Human)	738
P15907	SIAT1_HUMAN	reviewed	Beta-galactoside alpha-2,6-sialyltransferase 1 (Alpha 2,6-ST 1) (EC 2.4.99.1) (B-cell antigen CD75) (CMP-N-acetylneuraminate-beta-galactosamide-alpha-2,6-sialyltransferase 1) (ST6Gal I) (ST6GalI) (Sialyltransferase 1)	ST6GAL1 SIAT1	Homo sapiens (Human)	406
Q8NAT1	PMGT2_HUMAN	reviewed	Protein O-linked-mannose beta-1,4-N-acetylglucosaminyltransferase 2 (POMGnT2) (EC 2.4.1.312) (Extracellular O-linked N-acetylglucosamine transferase-like) (Glycosyltransferase-like domain-containing protein 2)	POMGNT2 AGO61 C3orf39 EOGTL GTDC2	Homo sapiens (Human)	580
Q11201	SIA4A_HUMAN	reviewed	CMP-N-acetylneuraminate-beta-galactosamide-alpha-2,3-sialyltransferase 1 (Alpha 2,3-ST 1) (Beta-galactoside alpha-2,3-sialyltransferase 1) (EC 2.4.99.4) (Gal-NAc6S) (Gal-beta-1,3-GalNAc-alpha-2,3-sialyltransferase) (SIATFL) (ST3Gal I) (ST3GalI) (ST3GalA.1) (ST3O) (Sialyltransferase 4A) (SIAT4-A)	ST3GAL1 SIAT4 SIAT4A	Homo sapiens (Human)	340
P46977	STT3A_HUMAN	reviewed	Dolichyl-diphosphooligosaccharide--protein glycosyltransferase subunit STT3A (Oligosaccharyl transferase subunit STT3A) (STT3-A) (EC 2.4.99.18) (B5) (Integral membrane protein 1) (Transmembrane protein TMC)	STT3A ITM1 TMC	Homo sapiens (Human)	705
Q92186	SIA8B_HUMAN	reviewed	Alpha-2,8-sialyltransferase 8B (EC 2.4.99.-) (Sialyltransferase 8B) (SIAT8-B) (Sialyltransferase St8Sia II) (ST8SiaII) (Sialyltransferase X) (STX)	ST8SIA2 SIAT8B STX	Homo sapiens (Human)	375
Q8NDV1	SIA7C_HUMAN	reviewed	Alpha-N-acetylgalactosaminide alpha-2,6-sialyltransferase 3 (EC 2.4.99.7) (GalNAc alpha-2,6-sialyltransferase III) (ST6GalNAc III) (ST6GalNAcIII) (STY) (Sialyltransferase 7C) (SIAT7-C)	ST6GALNAC3 SIAT7C UNQ2787/PRO7177	Homo sapiens (Human)	305
Q9NSC7	SIA7A_HUMAN	reviewed	Alpha-N-acetylgalactosaminide alpha-2,6-sialyltransferase 1 (EC 2.4.99.3) (GalNAc alpha-2,6-sialyltransferase I) (ST6GalNAc I) (ST6GalNAcI) (Sialyltransferase 7A) (SIAT7-A)	ST6GALNAC1 SIAT7A UNQ543/PRO848	Homo sapiens (Human)	600
O43825	B3GT2_HUMAN	reviewed	Beta-1,3-galactosyltransferase 2 (Beta-1,3-GalTase 2) (Beta3Gal-T2) (Beta3GalT2) (EC 2.4.1.86) (UDP-galactose:2-acetamido-2-deoxy-D-glucose 3beta-galactosyltransferase 2)	B3GALT2	Homo sapiens (Human)	422
Q9Y2A9	B3GN3_HUMAN	reviewed	N-acetyllactosaminide beta-1,3-N-acetylglucosaminyltransferase 3 (EC 2.4.1.149) (Beta-1,3-galactosyl-O-glycosyl-glycoprotein beta-1,3-N-acetylglucosaminyltransferase) (EC 2.4.1.146) (Beta-1,3-galactosyltransferase 8) (Beta-1,3-GalTase 8) (Beta3Gal-T8) (Beta3GalT8) (b3Gal-T8) (Beta-3-Gx-T8) (Core 1 extending beta-1,3-N-acetylglucosaminyltransferase) (Core1-beta3GlcNAcT) (Transmembrane protein 3) (UDP-Gal:beta-GlcNAc beta-1,3-galactosyltransferase 8) (UDP-GlcNAc:betaGal beta-1,3-N-acetylglucosaminyltransferase 3) (BGnT-3) (Beta-1,3-Gn-T3) (Beta-1,3-N-acetylglucosaminyltransferase 3) (Beta3Gn-T3) (UDP-galactose:beta-N-acetylglucosamine beta-1,3-galactosyltransferase 8)	B3GNT3 B3GALT8 TMEM3 UNQ637/PRO1266	Homo sapiens (Human)	372
Q7Z7M8	B3GN8_HUMAN	reviewed	UDP-GlcNAc:betaGal beta-1,3-N-acetylglucosaminyltransferase 8 (BGnT-8) (Beta-1,3-Gn-T8) (Beta-1,3-N-acetylglucosaminyltransferase 8) (Beta3Gn-T8) (EC 2.4.1.-)	B3GNT8 B3GALT7 BGALT15	Homo sapiens (Human)	397
Q8NHY0	B4GN2_HUMAN	reviewed	Beta-1,4 N-acetylgalactosaminyltransferase 2 (EC 2.4.1.-) (Sd(a) beta-1,4-GalNAc transferase) (UDP-GalNAc:Neu5Aca2-3Galb-R b1,4-N-acetylgalactosaminyltransferase)	B4GALNT2 GALGT2	Homo sapiens (Human)	566
Q9UBV7	B4GT7_HUMAN	reviewed	Beta-1,4-galactosyltransferase 7 (Beta-1,4-GalTase 7) (Beta4Gal-T7) (b4Gal-T7) (EC 2.4.1.-) (Proteoglycan UDP-galactose:beta-xylose beta1,4-galactosyltransferase I) (UDP-Gal:beta-GlcNAc beta-1,4-galactosyltransferase 7) (UDP-galactose:beta-N-acetylglucosamine beta-1,4-galactosyltransferase 7) (UDP-galactose:beta-xylose beta-1,4-galactosyltransferase) (XGPT) (XGalT-1) (Xylosylprotein 4-beta-galactosyltransferase) (EC 2.4.1.133) (Xylosylprotein beta-1,4-galactosyltransferase)	B4GALT7 XGALT1 UNQ748/PRO1478	Homo sapiens (Human)	327
Q6UX72	B3GN9_HUMAN	reviewed	UDP-GlcNAc:betaGal beta-1,3-N-acetylglucosaminyltransferase 9 (BGnT-9) (Beta-1,3-Gn-T9) (Beta-1,3-N-acetylglucosaminyltransferase 9) (Beta3Gn-T9) (EC 2.4.1.-)	B3GNT9 UNQ1922/PRO4397	Homo sapiens (Human)	402
Q9UBX8	B4GT6_HUMAN	reviewed	Beta-1,4-galactosyltransferase 6 (Beta-1,4-GalTase 6) (Beta4Gal-T6) (b4Gal-T6) (EC 2.4.1.-) (Glucosylceramide beta-1,4-galactosyltransferase) (EC 2.4.1.274) (Lactosylceramide synthase) (LacCer synthase) (UDP-Gal:beta-GlcNAc beta-1,4-galactosyltransferase 6) (UDP-Gal:glucosylceramide beta-1,4-galactosyltransferase) (UDP-galactose:beta-N-acetylglucosamine beta-1,4-galactosyltransferase 6)	B4GALT6	Homo sapiens (Human)	382
Q9BYG0	B3GN5_HUMAN	reviewed	Lactosylceramide 1,3-N-acetyl-beta-D-glucosaminyltransferase (EC 2.4.1.206) (Lactotriaosylceramide synthase) (Lc(3)Cer synthase) (Lc3 synthase) (UDP-GlcNAc:beta-Gal beta-1,3-N-acetylglucosaminyltransferase 5) (BGnT-5) (Beta-1,3-Gn-T5) (Beta-1,3-N-acetylglucosaminyltransferase 5) (Beta3Gn-T5)	B3GNT5	Homo sapiens (Human)	378
Q9H553	ALG2_HUMAN	reviewed	Alpha-1,3/1,6-mannosyltransferase ALG2 (EC 2.4.1.132) (EC 2.4.1.257) (Asparagine-linked glycosylation protein 2 homolog) (GDP-Man:Man(1)GlcNAc(2)-PP-Dol alpha-1,3-mannosyltransferase) (GDP-Man:Man(1)GlcNAc(2)-PP-dolichol mannosyltransferase) (GDP-Man:Man(2)GlcNAc(2)-PP-Dol alpha-1,6-mannosyltransferase)	ALG2 UNQ666/PRO1298	Homo sapiens (Human)	416
Q9NPC4	A4GAT_HUMAN	reviewed	Lactosylceramide 4-alpha-galactosyltransferase (EC 2.4.1.228) (Alpha-1,4-N-acetylglucosaminyltransferase) (Alpha-1,4-galactosyltransferase) (Alpha4Gal-T1) (CD77 synthase) (Globotriaosylceramide synthase) (Gb3 synthase) (P1/Pk synthase) (UDP-galactose:beta-D-galactosyl-beta1-R 4-alpha-D-galactosyltransferase)	A4GALT A14GALT A4GALT1	Homo sapiens (Human)	353
O43505	B4GA1_HUMAN	reviewed	Beta-1,4-glucuronyltransferase 1 (EC 2.4.1.-) (I-beta-1,3-N-acetylglucosaminyltransferase) (iGnT) (N-acetyllactosaminide beta-1,3-N-acetylglucosaminyltransferase) (Poly-N-acetyllactosamine extension enzyme) (UDP-GlcNAc:betaGal beta-1,3-N-acetylglucosaminyltransferase 1)	B4GAT1 B3GNT1 B3GNT6	Homo sapiens (Human)	415
Q8NCR0	B3GL2_HUMAN	reviewed	UDP-GalNAc:beta-1,3-N-acetylgalactosaminyltransferase 2 (Beta-1,3-GalNAc-T2) (EC 2.4.1.313) (Beta-1,3-N-acetylgalactosaminyltransferase II)	B3GALNT2	Homo sapiens (Human)	500
P07741	APT_HUMAN	reviewed	Adenine phosphoribosyltransferase (APRT) (EC 2.4.2.7)	APRT	Homo sapiens (Human)	180
O75752	B3GL1_HUMAN	reviewed	UDP-GalNAc:beta-1,3-N-acetylgalactosaminyltransferase 1 (Beta-1,3-GalNAc-T1) (EC 2.4.1.79) (Beta-1,3-galactosyltransferase 3) (Beta-1,3-GalTase 3) (Beta3Gal-T3) (Beta3GalT3) (b3Gal-T3) (Beta-3-Gx-T3) (Galactosylgalactosylglucosylceramide beta-D-acetyl-galactosaminyltransferase) (Globoside synthase) (UDP-N-acetylgalactosamine:globotriaosylceramide beta-1,3-N-acetylgalactosaminyltransferase)	B3GALNT1 B3GALT3 UNQ531/PRO1074	Homo sapiens (Human)	331
Q9Y5Z6	B3GT1_HUMAN	reviewed	Beta-1,3-galactosyltransferase 1 (Beta-1,3-GalTase 1) (Beta3Gal-T1) (Beta3GalT1) (EC 2.4.1.86) (UDP-galactose:beta-N-acetyl-glucosamine-beta-1,3-galactosyltransferase 1)	B3GALT1	Homo sapiens (Human)	326
Q9UNA3	A4GCT_HUMAN	reviewed	Alpha-1,4-N-acetylglucosaminyltransferase (Alpha4GnT) (EC 2.4.1.-)	A4GNT	Homo sapiens (Human)	340
O60513	B4GT4_HUMAN	reviewed	Beta-1,4-galactosyltransferase 4 (Beta-1,4-GalTase 4) (Beta4Gal-T4) (b4Gal-T4) (EC 2.4.1.-) (Beta-N-acetylglucosaminyl-glycolipid beta-1,4-galactosyltransferase) (Lactotriaosylceramide beta-1,4-galactosyltransferase) (EC 2.4.1.275) (N-acetyllactosamine synthase) (EC 2.4.1.90) (Nal synthase) (UDP-Gal:beta-GlcNAc beta-1,4-galactosyltransferase 4) (UDP-galactose:beta-N-acetylglucosamine beta-1,4-galactosyltransferase 4)	B4GALT4 UNQ552/PRO1109	Homo sapiens (Human)	344
O60909	B4GT2_HUMAN	reviewed	Beta-1,4-galactosyltransferase 2 (Beta-1,4-GalTase 2) (Beta4Gal-T2) (b4Gal-T2) (EC 2.4.1.-) (Beta-N-acetylglucosaminyl-glycolipid beta-1,4-galactosyltransferase) (Beta-N-acetylglucosaminylglycopeptide beta-1,4-galactosyltransferase) (EC 2.4.1.38) (Lactose synthase A protein) (EC 2.4.1.22) (N-acetyllactosamine synthase) (EC 2.4.1.90) (Nal synthase) (UDP-Gal:beta-GlcNAc beta-1,4-galactosyltransferase 2) (UDP-galactose:beta-N-acetylglucosamine beta-1,4-galactosyltransferase 2)	B4GALT2	Homo sapiens (Human)	372
Q9NY97	B3GN2_HUMAN	reviewed	N-acetyllactosaminide beta-1,3-N-acetylglucosaminyltransferase 2 (EC 2.4.1.149) (Beta-1,3-N-acetylglucosaminyltransferase 1) (BGnT-1) (Beta-1,3-Gn-T1) (Beta3Gn-T1) (Beta-1,3-galactosyltransferase 7) (Beta-1,3-GalTase 7) (Beta3Gal-T7) (Beta3GalT7) (b3Gal-T7) (Beta-3-Gx-T7) (UDP-Gal:beta-GlcNAc beta-1,3-galactosyltransferase 7) (UDP-GlcNAc:betaGal beta-1,3-N-acetylglucosaminyltransferase 2) (BGnT-2) (Beta-1,3-Gn-T2) (Beta-1,3-N-acetylglucosaminyltransferase 2) (Beta3Gn-T2) (UDP-galactose:beta-N-acetylglucosamine beta-1,3-galactosyltransferase 7)	B3GNT2 B3GALT7 B3GNT1	Homo sapiens (Human)	397
Q10471	GALT2_HUMAN	reviewed	Polypeptide N-acetylgalactosaminyltransferase 2 (EC 2.4.1.41) (Polypeptide GalNAc transferase 2) (GalNAc-T2) (pp-GaNTase 2) (Protein-UDP acetylgalactosaminyltransferase 2) (UDP-GalNAc:polypeptide N-acetylgalactosaminyltransferase 2) [Cleaved into: Polypeptide N-acetylgalactosaminyltransferase 2 soluble form]	GALNT2	Homo sapiens (Human)	571
O95461	LARG1_HUMAN	reviewed	LARGE xylosyl- and glucuronyltransferase 1 (EC 2.4.-.-) (Acetylglucosaminyltransferase-like 1A) (Glycosyltransferase-like protein) [Includes: Xylosyltransferase LARGE (EC 2.4.2.-); Beta-1,3-glucuronyltransferase LARGE (EC 2.4.1.-)]	LARGE1 KIAA0609 LARGE	Homo sapiens (Human)	756
Q9HCG7	GBA2_HUMAN	reviewed	Non-lysosomal glucosylceramidase (NLGase) (EC 3.2.1.45) (Beta-glucocerebrosidase 2) (Beta-glucosidase 2) (Bile acid beta-glucosidase GBA2) (Bile acid glucosyl transferase GBA2) (Cholesterol glucosyltransferase GBA2) (EC 2.4.1.-) (Cholesteryl-beta-glucosidase GBA2) (EC 3.2.1.-) (Glucosylceramidase 2)	GBA2 KIAA1605 SPG46 AD035	Homo sapiens (Human)	927
Q8NCL4	GALT6_HUMAN	reviewed	Polypeptide N-acetylgalactosaminyltransferase 6 (EC 2.4.1.41) (Polypeptide GalNAc transferase 6) (GalNAc-T6) (pp-GaNTase 6) (Protein-UDP acetylgalactosaminyltransferase 6) (UDP-GalNAc:polypeptide N-acetylgalactosaminyltransferase 6)	GALNT6	Homo sapiens (Human)	622
Q9H3H5	GPT_HUMAN	reviewed	UDP-N-acetylglucosamine--dolichyl-phosphate N-acetylglucosaminephosphotransferase (EC 2.7.8.15) (GlcNAc-1-P transferase) (G1PT) (GPT) (N-acetylglucosamine-1-phosphate transferase)	DPAGT1 DPAGT2	Homo sapiens (Human)	408
O43909	EXTL3_HUMAN	reviewed	Exostosin-like 3 (EC 2.4.1.223) (EXT-related protein 1) (Glucuronyl-galactosyl-proteoglycan 4-alpha-N-acetylglucosaminyltransferase) (Hereditary multiple exostoses gene isolog) (Multiple exostosis-like protein 3) (Putative tumor suppressor protein EXTL3)	EXTL3 EXTL1L EXTR1 KIAA0519	Homo sapiens (Human)	919
Q9Y231	FUT9_HUMAN	reviewed	4-galactosyl-N-acetylglucosaminide 3-alpha-L-fucosyltransferase 9 (EC 2.4.1.152) (Fucosyltransferase 9) (Fucosyltransferase IX) (Fuc-TIX) (FucT-IX) (Galactoside 3-L-fucosyltransferase)	FUT9	Homo sapiens (Human)	359
Q6GMV1	ALG1L_HUMAN	reviewed	Putative glycosyltransferase ALG1-like (EC 2.4.1.-)	ALG1L	Homo sapiens (Human)	187
Q9UBQ6	EXTL2_HUMAN	reviewed	Exostosin-like 2 (EC 2.4.1.223) (Alpha-1,4-N-acetylhexosaminyltransferase EXTL2) (Alpha-GalNAcT EXTL2) (EXT-related protein 2) (Glucuronyl-galactosyl-proteoglycan 4-alpha-N-acetylglucosaminyltransferase) [Cleaved into: Processed exostosin-like 2]	EXTL2 EXTR2	Homo sapiens (Human)	330
Q9BYC5	FUT8_HUMAN	reviewed	Alpha-(1,6)-fucosyltransferase (Alpha1-6FucT) (EC 2.4.1.68) (Fucosyltransferase 8) (GDP-L-Fuc:N-acetyl-beta-D-glucosaminide alpha1,6-fucosyltransferase) (GDP-fucose--glycoprotein fucosyltransferase) (Glycoprotein 6-alpha-L-fucosyltransferase)	FUT8	Homo sapiens (Human)	575
Q5BKT4	AG10A_HUMAN	reviewed	Dol-P-Glc:Glc(2)Man(9)GlcNAc(2)-PP-Dol alpha-1,2-glucosyltransferase (EC 2.4.1.256) (Alpha-1,2-glucosyltransferase ALG10-A) (Alpha-2-glucosyltransferase ALG10-A) (Asparagine-linked glycosylation protein 10 homolog A)	ALG10 ALG10A	Homo sapiens (Human)	473
Q2PZI1	D19L1_HUMAN	reviewed	Probable C-mannosyltransferase DPY19L1 (EC 2.4.1.-) (Dpy-19-like protein 1) (Protein dpy-19 homolog 1)	DPY19L1 GA0500 KIAA0877	Homo sapiens (Human)	675
Q6ZPD9	D19L3_HUMAN	reviewed	Probable C-mannosyltransferase DPY19L3 (EC 2.4.1.-) (Dpy-19-like protein 3) (Protein dpy-19 homolog 3)	DPY19L3	Homo sapiens (Human)	716
Q7Z388	D19L4_HUMAN	reviewed	Probable C-mannosyltransferase DPY19L4 (EC 2.4.1.-) (Dpy-19-like protein 4) (Protein dpy-19 homolog 4)	DPY19L4	Homo sapiens (Human)	723
C9J202	AG1L2_HUMAN	reviewed	Putative glycosyltransferase ALG1L2 (EC 2.4.1.-)	ALG1L2	Homo sapiens (Human)	215
P16442	BGAT_HUMAN	reviewed	Histo-blood group ABO system transferase (Fucosylglycoprotein 3-alpha-galactosyltransferase) (Fucosylglycoprotein alpha-N-acetylgalactosaminyltransferase) (Glycoprotein-fucosylgalactoside alpha-N-acetylgalactosaminyltransferase) (EC 2.4.1.40) (Glycoprotein-fucosylgalactoside alpha-galactosyltransferase) (EC 2.4.1.37) (Histo-blood group A transferase) (A transferase) (Histo-blood group B transferase) (B transferase) (NAGAT) [Cleaved into: Fucosylglycoprotein alpha-N-acetylgalactosaminyltransferase soluble form]	ABO	Homo sapiens (Human)	354
Q8NFL0	B3GN7_HUMAN	reviewed	UDP-GlcNAc:betaGal beta-1,3-N-acetylglucosaminyltransferase 7 (BGnT-7) (Beta-1,3-Gn-T7) (Beta-1,3-N-acetylglucosaminyltransferase 7) (Beta3Gn-T7) (EC 2.4.1.-)	B3GNT7	Homo sapiens (Human)	401
Q2TAA5	ALG11_HUMAN	reviewed	GDP-Man:Man(3)GlcNAc(2)-PP-Dol alpha-1,2-mannosyltransferase (EC 2.4.1.131) (Asparagine-linked glycosylation protein 11 homolog) (Glycolipid 2-alpha-mannosyltransferase)	ALG11 GT8	Homo sapiens (Human)	492
Q9NS00	C1GLT_HUMAN	reviewed	Glycoprotein-N-acetylgalactosamine 3-beta-galactosyltransferase 1 (EC 2.4.1.122) (B3Gal-T8) (Core 1 O-glycan T-synthase) (Core 1 UDP-galactose:N-acetylgalactosamine-alpha-R beta 1,3-galactosyltransferase 1) (Beta-1,3-galactosyltransferase) (Core 1 beta1,3-galactosyltransferase 1) (C1GalT1) (Core 1 beta3-Gal-T1)	C1GALT1	Homo sapiens (Human)	363
Q9BVK2	ALG8_HUMAN	reviewed	Probable dolichyl pyrophosphate Glc1Man9GlcNAc2 alpha-1,3-glucosyltransferase (EC 2.4.1.265) (Asparagine-linked glycosylation protein 8 homolog) (Dol-P-Glc:Glc(1)Man(9)GlcNAc(2)-PP-dolichyl alpha-1,3-glucosyltransferase) (Dolichyl-P-Glc:Glc1Man9GlcNAc2-PP-dolichyl glucosyltransferase)	ALG8 HUSSY-02	Homo sapiens (Human)	526
Q9NP73	ALG13_HUMAN	reviewed	Putative bifunctional UDP-N-acetylglucosamine transferase and deubiquitinase ALG13 (EC 2.4.1.141) (EC 3.4.19.12) (Asparagine-linked glycosylation 13 homolog) (Glycosyltransferase 28 domain-containing protein 1) (UDP-N-acetylglucosamine transferase subunit ALG13 homolog)	ALG13 CXorf45 GLT28D1 MDS031	Homo sapiens (Human)	1137
Q6ZMB0	B3GN6_HUMAN	reviewed	Acetylgalactosaminyl-O-glycosyl-glycoprotein beta-1,3-N-acetylglucosaminyltransferase (EC 2.4.1.147) (Core 3 synthase) (UDP-GlcNAc:betaGal beta-1,3-N-acetylglucosaminyltransferase 6) (BGnT-6) (Beta-1,3-Gn-T6) (Beta-1,3-N-acetylglucosaminyltransferase 6) (Beta3Gn-T6)	B3GNT6	Homo sapiens (Human)	384
Q16880	CGT_HUMAN	reviewed	2-hydroxyacylsphingosine 1-beta-galactosyltransferase (EC 2.4.1.47) (Ceramide UDP-galactosyltransferase) (Cerebroside synthase) (UDP-galactose-ceramide galactosyltransferase)	UGT8 CGT UGT4	Homo sapiens (Human)	541
Q16739	CEGT_HUMAN	reviewed	Ceramide glucosyltransferase (EC 2.4.1.80) (GLCT-1) (Glucosylceramide synthase) (GCS) (UDP-glucose ceramide glucosyltransferase) (UDP-glucose:N-acylsphingosine D-glucosyltransferase)	UGCG	Homo sapiens (Human)	394
O60512	B4GT3_HUMAN	reviewed	Beta-1,4-galactosyltransferase 3 (Beta-1,4-GalTase 3) (Beta4Gal-T3) (b4Gal-T3) (EC 2.4.1.-) (Beta-N-acetylglucosaminyl-glycolipid beta-1,4-galactosyltransferase) (Beta-N-acetylglucosaminylglycopeptide beta-1,4-galactosyltransferase) (EC 2.4.1.38) (N-acetyllactosamine synthase) (EC 2.4.1.90) (Nal synthase) (Neolactotriaosylceramide beta-1,4-galactosyltransferase) (EC 2.4.1.275) (UDP-Gal:beta-GlcNAc beta-1,4-galactosyltransferase 3) (UDP-galactose:beta-N-acetylglucosamine beta-1,4-galactosyltransferase 3)	B4GALT3	Homo sapiens (Human)	393
U3KPV4	A3LT2_HUMAN	reviewed	Alpha-1,3-galactosyltransferase 2 (EC 2.4.1.87) (Isoglobotriaosylceramide synthase) (iGb3 synthase) (iGb3S)	A3GALT2 A3GALT2P IGBS3S	Homo sapiens (Human)	340
Q11130	FUT7_HUMAN	reviewed	Alpha-(1,3)-fucosyltransferase 7 (EC 2.4.1.-) (Fucosyltransferase 7) (Fucosyltransferase VII) (Fuc-TVII) (FucT-VII) (Galactoside 3-L-fucosyltransferase) (Selectin ligand synthase)	FUT7	Homo sapiens (Human)	342
A0PJZ3	GXLT2_HUMAN	reviewed	Glucoside xylosyltransferase 2 (EC 2.4.2.42) (Glycosyltransferase 8 domain-containing protein 4)	GXYLT2 GLT8D4	Homo sapiens (Human)	443
Q8NCW6	GLT11_HUMAN	reviewed	Polypeptide N-acetylgalactosaminyltransferase 11 (EC 2.4.1.41) (Polypeptide GalNAc transferase 11) (GalNAc-T11) (pp-GaNTase 11) (Protein-UDP acetylgalactosaminyltransferase 11) (UDP-GalNAc:polypeptide N-acetylgalactosaminyltransferase 11)	GALNT11	Homo sapiens (Human)	608
Q5I7T1	AG10B_HUMAN	reviewed	Putative Dol-P-Glc:Glc(2)Man(9)GlcNAc(2)-PP-Dol alpha-1,2-glucosyltransferase (EC 2.4.1.256) (Alpha-1,2-glucosyltransferase ALG10-A) (Alpha-2-glucosyltransferase ALG10-B) (Asparagine-linked glycosylation protein 10 homolog B) (Potassium channel regulator 1)	ALG10B KCR1	Homo sapiens (Human)	473
Q9UBM8	MGT4C_HUMAN	reviewed	Alpha-1,3-mannosyl-glycoprotein 4-beta-N-acetylglucosaminyltransferase C (EC 2.4.1.145) (N-acetylglucosaminyltransferase IV homolog) (hGnT-IV-H) (N-glycosyl-oligosaccharide-glycoprotein N-acetylglucosaminyltransferase IVc) (GlcNAc-T IVc) (GnT-IVc) (N-acetylglucosaminyltransferase IVc) (UDP-N-acetylglucosamine: alpha-1,3-D-mannoside beta-1,4-N-acetylglucosaminyltransferase IVc)	MGAT4C	Homo sapiens (Human)	478
O00219	HYAS3_HUMAN	reviewed	Hyaluronan synthase 3 (EC 2.4.1.212) (Hyaluronate synthase 3) (Hyaluronic acid synthase 3) (HA synthase 3)	HAS3	Homo sapiens (Human)	553
P21217	FUT3_HUMAN	reviewed	3-galactosyl-N-acetylglucosaminide 4-alpha-L-fucosyltransferase FUT3 (EC 2.4.1.65) (Alpha-3-fucosyltransferase FUT3) (EC 2.4.1.-) (Blood group Lewis alpha-4-fucosyltransferase) (Lewis FT) (Fucosyltransferase 3) (Fucosyltransferase III) (FucT-III)	FUT3 FT3B LE	Homo sapiens (Human)	361
Q92839	HYAS1_HUMAN	reviewed	Hyaluronan synthase 1 (EC 2.4.1.212) (Hyaluronate synthase 1) (Hyaluronic acid synthase 1) (HA synthase 1) (HuHAS1)	HAS1 HAS	Homo sapiens (Human)	578
Q9UM21	MGT4A_HUMAN	reviewed	Alpha-1,3-mannosyl-glycoprotein 4-beta-N-acetylglucosaminyltransferase A (EC 2.4.1.145) (N-glycosyl-oligosaccharide-glycoprotein N-acetylglucosaminyltransferase IVa) (GlcNAc-T IVa) (GnT-IVa) (N-acetylglucosaminyltransferase IVa) (UDP-N-acetylglucosamine: alpha-1,3-D-mannoside beta-1,4-N-acetylglucosaminyltransferase IVa) [Cleaved into: Alpha-1,3-mannosyl-glycoprotein 4-beta-N-acetylglucosaminyltransferase A soluble form]	MGAT4A	Homo sapiens (Human)	535
O95395	GCNT3_HUMAN	reviewed	Beta-1,3-galactosyl-O-glycosyl-glycoprotein beta-1,6-N-acetylglucosaminyltransferase 3 (EC 2.4.1.102) (EC 2.4.1.148) (EC 2.4.1.150) (C2GnT-mucin type) (C2GnT-M) (hC2GnT-M) (Core 2/core 4 beta-1,6-N-acetylglucosaminyltransferase) (C2/4GnT)	GCNT3	Homo sapiens (Human)	438
Q09328	MGT5A_HUMAN	reviewed	Alpha-1,6-mannosylglycoprotein 6-beta-N-acetylglucosaminyltransferase A (EC 2.4.1.155) (Alpha-mannoside beta-1,6-N-acetylglucosaminyltransferase V) (GlcNAc-T V) (GNT-V) (Mannoside acetylglucosaminyltransferase 5) (N-acetylglucosaminyl-transferase V) [Cleaved into: Secreted alpha-1,6-mannosylglycoprotein 6-beta-N-acetylglucosaminyltransferase A (Secreted beta-1,6-N-acetylglucosaminyltransferase V) (Secreted GNT-V)]	MGAT5 GGNT5	Homo sapiens (Human)	741
Q9BV10	ALG12_HUMAN	reviewed	Dol-P-Man:Man(7)GlcNAc(2)-PP-Dol alpha-1,6-mannosyltransferase (EC 2.4.1.260) (Asparagine-linked glycosylation protein 12 homolog) (hALG12) (Dolichyl-P-Man:Man(7)GlcNAc(2)-PP-dolichyl-alpha-1,6-mannosyltransferase) (Mannosyltransferase ALG12 homolog) (Membrane protein SB87)	ALG12 PP14673	Homo sapiens (Human)	488
Q8N0V5	GNT2A_HUMAN	reviewed	N-acetyllactosaminide beta-1,6-N-acetylglucosaminyl-transferase (N-acetylglucosaminyltransferase) (EC 2.4.1.150) (I-branching enzyme) (IGNT)	GCNT2 GCNT5 II NACGT1	Homo sapiens (Human)	402
Q9NY28	GALT8_HUMAN	reviewed	Probable polypeptide N-acetylgalactosaminyltransferase 8 (EC 2.4.1.41) (Polypeptide GalNAc transferase 8) (GalNAc-T8) (pp-GaNTase 8) (Protein-UDP acetylgalactosaminyltransferase 8) (UDP-GalNAc:polypeptide N-acetylgalactosaminyltransferase 8)	GALNT8	Homo sapiens (Human)	637
Q8NES3	LFNG_HUMAN	reviewed	Beta-1,3-N-acetylglucosaminyltransferase lunatic fringe (EC 2.4.1.222) (O-fucosylpeptide 3-beta-N-acetylglucosaminyltransferase)	LFNG	Homo sapiens (Human)	379
Q10981	FUT2_HUMAN	reviewed	Galactoside alpha-(1,2)-fucosyltransferase 2 (Alpha(1,2)FT 2) (Fucosyltransferase 2) (GDP-L-fucose:beta-D-galactoside 2-alpha-L-fucosyltransferase 2) (SE2) (Secretor blood group alpha-2-fucosyltransferase) (Secretor factor) (Se) (Type 1 galactoside alpha-(1,2)-fucosyltransferase FUT2) (EC 2.4.1.69) (Type 2 galactoside alpha-(1,2)-fucosyltransferase FUT2) (EC 2.4.1.344)	FUT2 SEC2	Homo sapiens (Human)	343
Q495W5	FUT11_HUMAN	reviewed	Alpha-(1,3)-fucosyltransferase 11 (EC 2.4.1.-) (Fucosyltransferase XI) (Fuc-TXI) (FucT-XI) (Galactoside 3-L-fucosyltransferase 11) (Fucosyltransferase 11)	FUT11	Homo sapiens (Human)	492
Q6P4F1	FUT10_HUMAN	reviewed	Alpha-(1,3)-fucosyltransferase 10 (EC 2.4.1.-) (Fucosyltransferase X) (Fuc-TX) (FucT-X) (Galactoside 3-L-fucosyltransferase 10) (Fucosyltransferase 10)	FUT10	Homo sapiens (Human)	479
Q8N3T1	GLT15_HUMAN	reviewed	Polypeptide N-acetylgalactosaminyltransferase 15 (EC 2.4.1.41) (Polypeptide GalNAc transferase-like protein 2) (GalNAc-T-like protein 2) (pp-GaNTase-like protein 2) (Polypeptide N-acetylgalactosaminyltransferase-like protein 2) (Protein-UDP acetylgalactosaminyltransferase-like protein 2) (UDP-GalNAc:polypeptide N-acetylgalactosaminyltransferase-like protein 2)	GALNT15 GALNTL2 UNQ770/PRO1564	Homo sapiens (Human)	639
Q8N5D6	GBGT1_HUMAN	reviewed	Globoside alpha-1,3-N-acetylgalactosaminyltransferase 1 (EC 2.4.1.-) (Forssman glycolipid synthase-like protein)	GBGT1 UNQ2513/PRO6002	Homo sapiens (Human)	347
P54840	GYS2_HUMAN	reviewed	Glycogen [starch] synthase, liver (EC 2.4.1.11)	GYS2	Homo sapiens (Human)	703
Q16394	EXT1_HUMAN	reviewed	Exostosin-1 (EC 2.4.1.224) (EC 2.4.1.225) (Glucuronosyl-N-acetylglucosaminyl-proteoglycan/N-acetylglucosaminyl-proteoglycan 4-alpha-N-acetylglucosaminyltransferase) (Multiple exostoses protein 1) (Putative tumor suppressor protein EXT1)	EXT1	Homo sapiens (Human)	746
P22083	FUT4_HUMAN	reviewed	Alpha-(1,3)-fucosyltransferase 4 (EC 2.4.1.-) (ELAM-1 ligand fucosyltransferase) (Fucosyltransferase 4) (Fucosyltransferase IV) (Fuc-TIV) (FucT-IV) (Galactoside 3-L-fucosyltransferase)	FUT4 ELFT FCT3A	Homo sapiens (Human)	530
Q96FL9	GLT14_HUMAN	reviewed	Polypeptide N-acetylgalactosaminyltransferase 14 (EC 2.4.1.41) (Polypeptide GalNAc transferase 14) (GalNAc-T14) (pp-GaNTase 14) (Protein-UDP acetylgalactosaminyltransferase 14) (UDP-GalNAc:polypeptide N-acetylgalactosaminyltransferase 14)	GALNT14 UNQ2434/PRO4994	Homo sapiens (Human)	552
Q8N428	GLT16_HUMAN	reviewed	Polypeptide N-acetylgalactosaminyltransferase 16 (EC 2.4.1.41) (Polypeptide GalNAc transferase 16) (GalNAc-T16) (Polypeptide GalNAc transferase-like protein 1) (GalNAc-T-like protein 1) (pp-GaNTase-like protein 1) (Polypeptide N-acetylgalactosaminyltransferase-like protein 1) (Protein-UDP acetylgalactosaminyltransferase-like protein 1) (UDP-GalNAc:polypeptide N-acetylgalactosaminyltransferase-like protein 1)	GALNT16 GALNTL1 KIAA1130	Homo sapiens (Human)	558
Q49A17	GLTL6_HUMAN	reviewed	Polypeptide N-acetylgalactosaminyltransferase-like 6 (EC 2.4.1.41) (Polypeptide GalNAc transferase 17) (GalNAc-T17) (pp-GaNTase 17) (Protein-UDP acetylgalactosaminyltransferase 17) (Putative polypeptide N-acetylgalactosaminyltransferase 17) (UDP-GalNAc:polypeptide N-acetylgalactosaminyltransferase 17)	GALNTL6 GALNT17	Homo sapiens (Human)	601
Q86SR1	GLT10_HUMAN	reviewed	Polypeptide N-acetylgalactosaminyltransferase 10 (EC 2.4.1.41) (Polypeptide GalNAc transferase 10) (GalNAc-T10) (pp-GaNTase 10) (Protein-UDP acetylgalactosaminyltransferase 10) (UDP-GalNAc:polypeptide N-acetylgalactosaminyltransferase 10)	GALNT10	Homo sapiens (Human)	603
O43286	B4GT5_HUMAN	reviewed	Beta-1,4-galactosyltransferase 5 (Beta-1,4-GalTase 5) (Beta4Gal-T5) (b4Gal-T5) (EC 2.4.1.-) (Beta-1,4-GalT II) (Glucosylceramide beta-1,4-galactosyltransferase) (EC 2.4.1.274) (Lactosylceramide synthase) (LacCer synthase) (UDP-Gal:beta-GlcNAc beta-1,4-galactosyltransferase 5) (UDP-galactose:beta-N-acetylglucosamine beta-1,4-galactosyltransferase 5)	B4GALT5	Homo sapiens (Human)	388
Q4G148	GXLT1_HUMAN	reviewed	Glucoside xylosyltransferase 1 (EC 2.4.2.42) (Glycosyltransferase 8 domain-containing protein 3)	GXYLT1 GLT8D3	Homo sapiens (Human)	440
Q6ZNI0	GCNT7_HUMAN	reviewed	Beta-1,3-galactosyl-O-glycosyl-glycoprotein beta-1,6-N-acetylglucosaminyltransferase 7 (EC 2.4.1.-)	GCNT7 C20orf105	Homo sapiens (Human)	430
Q9BT22	ALG1_HUMAN	reviewed	Chitobiosyldiphosphodolichol beta-mannosyltransferase (EC 2.4.1.142) (Asparagine-linked glycosylation protein 1 homolog) (Beta-1,4-mannosyltransferase) (GDP-Man:GlcNAc2-PP-dolichol mannosyltransferase) (GDP-mannose-dolichol diphosphochitobiose mannosyltransferase) (Mannosyltransferase-1) (MT-1) (hMat-1)	ALG1 HMAT1 HMT1 PSEC0061 UNQ861/PRO1870	Homo sapiens (Human)	464
Q14435	GALT3_HUMAN	reviewed	Polypeptide N-acetylgalactosaminyltransferase 3 (EC 2.4.1.41) (Polypeptide GalNAc transferase 3) (GalNAc-T3) (pp-GaNTase 3) (Protein-UDP acetylgalactosaminyltransferase 3) (UDP-GalNAc:polypeptide N-acetylgalactosaminyltransferase 3)	GALNT3	Homo sapiens (Human)	633
Q7Z4J2	GL6D1_HUMAN	reviewed	Putative glycosyltransferase 6 domain-containing protein 1 (EC 2.4.1.-) (Galactosyltransferase family 6 domain-containing 1)	GLT6D1 GLTDC1 GT6M7	Homo sapiens (Human)	276
P13807	GYS1_HUMAN	reviewed	Glycogen [starch] synthase, muscle (EC 2.4.1.11)	GYS1 GYS	Homo sapiens (Human)	737
Q67FW5	B3GNL_HUMAN	reviewed	UDP-GlcNAc:betaGal beta-1,3-N-acetylglucosaminyltransferase-like protein 1 (BGnT-like protein 1) (Beta1,3-N-acetylglucosaminyltransferase-like protein 1) (Beta3Gn-T-like protein 1) (Beta3GnTL1) (EC 2.4.1.-) (Beta-1,3-N-acetylglucosaminyltransferase 8) (BGnT-8) (Beta-1,3-Gn-T8) (Beta3Gn-T8)	B3GNTL1 B3GNT8	Homo sapiens (Human)	361
Q6Y288	B3GLT_HUMAN	reviewed	Beta-1,3-glucosyltransferase (Beta3Glc-T) (EC 2.4.1.-) (Beta 3-glucosyltransferase) (Beta-3-glycosyltransferase-like)	B3GLCT B3GALTL B3GTL	Homo sapiens (Human)	498
Q92685	ALG3_HUMAN	reviewed	Dol-P-Man:Man(5)GlcNAc(2)-PP-Dol alpha-1,3-mannosyltransferase (EC 2.4.1.258) (Asparagine-linked glycosylation protein 3 homolog) (Dol-P-Man-dependent alpha(1-3)-mannosyltransferase) (Dolichyl-P-Man:Man(5)GlcNAc(2)-PP-dolichyl mannosyltransferase) (Dolichyl-phosphate-mannose--glycolipid alpha-mannosyltransferase) (Not56-like protein)	ALG3 NOT NOT56L	Homo sapiens (Human)	438
Q6NXN4	D19P1_HUMAN	reviewed	Putative C-mannosyltransferase DPY19L2P1 (EC 2.4.1.-) (Dpy-19-like protein 2 pseudogene 1) (Protein dpy-19 homolog 2-like 1)	DPY19L2P1	Homo sapiens (Human)	242
Q6ZN68	D19P2_HUMAN	reviewed	Putative C-mannosyltransferase DPY19L2P2 (EC 2.4.1.-) (Dpy-19-like protein 2 pseudogene 2) (Protein dpy-19 homolog 2-like 2)	DPY19L2P2	Homo sapiens (Human)	376
Q9H6U8	ALG9_HUMAN	reviewed	Alpha-1,2-mannosyltransferase ALG9 (EC 2.4.1.259) (EC 2.4.1.261) (Asparagine-linked glycosylation protein 9 homolog) (Disrupted in bipolar disorder protein 1) (Dol-P-Man:Man(6)GlcNAc(2)-PP-Dol alpha-1,2-mannosyltransferase) (Dol-P-Man:Man(8)GlcNAc(2)-PP-Dol alpha-1,2-mannosyltransferase)	ALG9 DIBD1	Homo sapiens (Human)	611
Q5NDL2	EOGT_HUMAN	reviewed	EGF domain-specific O-linked N-acetylglucosamine transferase (EC 2.4.1.255) (Extracellular O-linked N-acetylglucosamine transferase)	EOGT AER61 C3orf64 EOGT1	Homo sapiens (Human)	527
Q8NBJ5	GT251_HUMAN	reviewed	Procollagen galactosyltransferase 1 (EC 2.4.1.50) (Collagen beta(1-O)galactosyltransferase 1) (ColGalT 1) (Glycosyltransferase 25 family member 1) (Hydroxylysine galactosyltransferase 1)	COLGALT1 GLT25D1 PSEC0241	Homo sapiens (Human)	622
Q96MS3	GL1D1_HUMAN	reviewed	Glycosyltransferase 1 domain-containing protein 1 (EC 2.4.-.-)	GLT1D1	Homo sapiens (Human)	346
Q68CQ7	GL8D1_HUMAN	reviewed	Glycosyltransferase 8 domain-containing protein 1 (EC 2.4.1.-)	GLT8D1 GALA4A AD-017 MSTP137 UNQ572/PRO1134	Homo sapiens (Human)	371
Q8IUC8	GLT13_HUMAN	reviewed	Polypeptide N-acetylgalactosaminyltransferase 13 (EC 2.4.1.41) (Polypeptide GalNAc transferase 13) (GalNAc-T13) (pp-GaNTase 13) (Protein-UDP acetylgalactosaminyltransferase 13) (UDP-GalNAc:polypeptide N-acetylgalactosaminyltransferase 13)	GALNT13 KIAA1918	Homo sapiens (Human)	556
O96024	B3GT4_HUMAN	reviewed	Beta-1,3-galactosyltransferase 4 (Beta-1,3-GalTase 4) (Beta3Gal-T4) (Beta3GalT4) (GalT4) (b3Gal-T4) (EC 2.4.1.62) (Gal-T2) (Ganglioside galactosyltransferase) (UDP-galactose:beta-N-acetyl-galactosamine-beta-1,3-galactosyltransferase)	B3GALT4 GALT4	Homo sapiens (Human)	378
Q6NUT2	D19L2_HUMAN	reviewed	Probable C-mannosyltransferase DPY19L2 (EC 2.4.1.-) (Dpy-19-like protein 2) (Protein dpy-19 homolog 2)	DPY19L2 UNQ3127/PRO10284	Homo sapiens (Human)	758
Q9Y2C3	B3GT5_HUMAN	reviewed	Beta-1,3-galactosyltransferase 5 (Beta-1,3-GalTase 5) (Beta3Gal-T5) (Beta3GalT5) (b3Gal-T5) (EC 2.4.1.-) (Beta-3-Gx-T5) (UDP-Gal:beta-GlcNAc beta-1,3-galactosyltransferase 5) (UDP-galactose:beta-N-acetylglucosamine beta-1,3-galactosyltransferase 5)	B3GALT5	Homo sapiens (Human)	310
P15291	B4GT1_HUMAN	reviewed	Beta-1,4-galactosyltransferase 1 (Beta-1,4-GalTase 1) (Beta4Gal-T1) (b4Gal-T1) (EC 2.4.1.-) (Beta-N-acetylglucosaminyl-glycolipid beta-1,4-galactosyltransferase) (Beta-N-acetylglucosaminylglycopeptide beta-1,4-galactosyltransferase) (EC 2.4.1.38) (Lactose synthase A protein) (EC 2.4.1.22) (N-acetyllactosamine synthase) (EC 2.4.1.90) (Nal synthase) (Neolactotriaosylceramide beta-1,4-galactosyltransferase) (EC 2.4.1.275) (UDP-Gal:beta-GlcNAc beta-1,4-galactosyltransferase 1) (UDP-galactose:beta-N-acetylglucosamine beta-1,4-galactosyltransferase 1) [Cleaved into: Processed beta-1,4-galactosyltransferase 1]	B4GALT1 GGTB2	Homo sapiens (Human)	398
Q9Y644	RFNG_HUMAN	reviewed	Beta-1,3-N-acetylglucosaminyltransferase radical fringe (EC 2.4.1.222) (O-fucosylpeptide 3-beta-N-acetylglucosaminyltransferase)	RFNG	Homo sapiens (Human)	331
Q3V5L5	MGT5B_HUMAN	reviewed	Alpha-1,6-mannosylglycoprotein 6-beta-N-acetylglucosaminyltransferase B (EC 2.4.1.-) (EC 2.4.1.155) (Alpha-mannoside beta-1,6-N-acetylglucosaminyltransferase B) (GlcNAc-T Vb) (GNT-Vb) (hGnTVb) (Mannoside acetylglucosaminyltransferase 5B) (N-acetylglucosaminyl-transferase Vb) (N-acetylglucosaminyltransferase IX) (GNT-IX)	MGAT5B KIAA2008	Homo sapiens (Human)	792
